latitude,longitude,name
50.838006,44.0897,MONTGOMERY
50.851746,43.53415,DEBROUCKERE
50.855933,43.58494,ROGIER
50.860053,43.59662,NOORDSTATION
50.856097,43.58569,ROGIER
50.844184,43.45254,ANNEESSENS
50.84449,43.45736,ANNEESSENS
50.840084,43.41039,LEMONNIER
50.836497,43.37946,ZUIDSTATION
50.832547,43.42972,HALLEPOORT
50.829721,43.46537,ST-GILLISVOORPL.
50.825702,43.4549,HORTA
50.822303,43.43561,ALBERT
50.829944,43.46011,ST-GILLISVOORPL.
50.843453,44.05598,GEORGESHENRI
50.849394,44.02198,DIAMANT
50.832955,44.05187,BOILEAU
50.833663,44.05561,BOILEAU
50.871012,43.2447,SPIEGEL
50.835978,42.74419,GOEDELUCHT
50.86406,43.44122,PICARD
50.860826,43.58739,NOORDSTATION
50.838265,44.08091,ICHEC
50.815519,43.71065,LEGRAND
50.815519,43.71065,LEGRAND
50.861527,43.55557,WTC
50.816689,43.71696,LEGRAND
50.879155,43.21791,LEROUX
50.860385,43.58895,NOORDSTATION
50.89387,43.97956,MEUDON-PAVILJ.
50.864112,43.12275,BENES
50.861273,43.15886,BASTENAKEN
50.866778,43.08838,GOFFIN
50.855635,43.5804,ROGIER
50.780214,43.25869,VANHAELEN
50.860134,43.59946,NOORDSTATION
50.838804,44.08276,ICHEC
50.860718,43.605,NOORDSTATION
50.866817,42.81688,HUNDERENVELD
50.856232,43.58726,ROGIER
50.864477,43.0662,WINTEROY
50.860763,43.60273,NOORDSTATION
50.8645,43.06428,WINTEROY
50.848086,43.49455,BEURS
50.837425,43.49033,VOSSENPLEIN
50.836811,43.37407,ZUIDSTATION
50.841246,43.51814,KAPELLEKERK
50.82109,43.43888,ALBERT
50.841004,43.74318,TRIER
50.837123,44.07182,MONTGOMERY
50.840338,43.78662,LEOPOLDSPARK
50.848931,44.02428,DIAMANT
50.839287,43.86635,NERVIERS
50.870847,43.24577,SPIEGEL
50.838062,43.92801,GALLIERS
50.863306,43.53795,WILLEBROEK
50.84679,44.20892,WESTENWIND
50.861176,43.55358,WTC
50.843639,44.11958,DEGROOFF
50.815959,43.71874,LEGRAND
50.845057,44.17284,MEUDON
50.815564,43.7176,LEGRAND
50.86724,42.81502,HUNDERENVELD
50.863315,43.54037,WILLEBROEK
50.923607,44.26533,HANSSENSPARK
50.842882,43.50791,CESARDEPAEPE
50.842046,43.83774,SCHUMAN
50.881187,43.21846,EUGENETOUSSAINT
50.844895,44.16773,MEUDON
50.86631,43.03465,VALIDA
50.841744,44.06362,GEORGESHENRI
50.869995,42.88174,MONNET-PARK
50.841975,43.74715,TRIER
50.866675,43.14886,H.HARTCOLLEGE
50.837424,43.46875,VOSSENPLEIN
50.860434,43.31639,VANHUFFEL
50.863355,43.30671,SIMONIS
50.85877,43.30078,AUTRIQUE
50.865255,42.84815,ZEVENSTERREN
50.92158,44.28648,BLOKKEN
50.861354,43.16156,BASTENAKEN
50.8347,43.46152,SINT-PIETERS-ZKH.
50.856387,43.26529,OSSEGEM
50.841426,43.58345,KONING
50.837374,42.90288,FRUIT
50.839745,43.73679,LUXEMBURG
50.839247,42.96546,WILLEMYNS
50.839211,43.98523,MERODE
50.843475,43.00486,PAULSEN
50.842148,44.06718,GEORGESHENRI
50.821161,43.41972,ALBERT
50.847132,44.21532,WESTENWIND
50.838936,43.72733,LUXEMBURG
50.843612,44.11504,DEGROOFF
50.851948,43.3237,OLIFANT
50.838215,43.9256,GALLIERS
50.814081,43.24764,ZAMAN-VORSTNAT.
50.838242,43.92106,GALLIERS
50.83809,42.95876,WILLEMYNS
50.834403,43.43214,HALLEPOORT
50.840249,43.7392,LUXEMBURG
50.861968,43.21936,SIPPELBERG
50.846234,43.8347,AMBIORIX
50.860912,42.96286,COMHAIRE
50.857669,43.49494,IJZER
50.866952,42.8129,HUNDERENVELD
50.828383,43.73166,FLAGEY
50.864292,43.12232,BENES
50.839796,44.63803,STOKKEL
50.866834,43.08323,GOFFIN
50.864418,42.9709,SCHWEITZER
50.841803,42.86873,MOORTEBEEK
50.864968,43.50239,THURNENTAXIS
50.838026,42.84196,WESTLANDSHOPPING
50.865086,43.5111,THURNENTAXIS
50.861772,42.91597,KERKPLEIN
50.863018,43.48724,HAVENLAAN
50.820955,43.42058,ALBERT
50.863306,43.49156,HAVENLAAN
50.840453,43.41364,LEMONNIER
50.885087,43.18659,OUDEAFSPANNING
50.841047,43.40769,LEMONNIER
50.8512,44.87797,GERGEL
50.817228,43.2513,KASTANJES
50.841413,43.53383,GROTEZAVEL
50.817291,43.25499,KASTANJES
50.863666,43.29612,SIMONIS
50.847902,44.35729,ROODEBEEK
50.866256,43.03153,VALIDA
50.863732,43.29236,SIMONIS
50.848138,44.36066,ROODEBEEK
50.851957,43.33491,OLIFANT
50.863543,43.29023,SIMONIS
50.84779,44.36351,ROODEBEEK
50.803621,43.58749,HOUZEAU
50.863418,43.30031,SIMONIS
50.852518,44.90754,DEUTSCHESCHULE
50.840858,44.62754,STOKKEL
50.851494,43.52876,DEBROUCKERE
50.845205,43.86602,MICHELANGELO
50.843753,43.00032,PAULSEN
50.847772,43.48972,BEURS
50.84724,43.93729,JAMBLINNEDEMEUX
50.79673,43.21064,KRUISPUNTSTALLE
50.840399,43.41408,LEMONNIER
50.843986,44.21287,MONTALD
50.796775,43.21078,KRUISPUNTSTALLE
50.836353,43.38259,ZUIDSTATION
50.841169,44.43304,FALLONSTADION
50.837562,42.89975,FRUIT
50.826043,43.45887,HORTA
50.84085,43.84696,BREYDEL
50.843149,43.83818,SCHUMAN
50.832821,43.42903,HALLEPOORT
50.841436,44.32386,SLEGERS
50.857894,43.49664,IJZER
50.836586,43.37506,ZUIDSTATION
50.846244,43.84315,AMBIORIX
50.829963,43.90938,DEJACHT
50.837555,44.07424,MONTGOMERY
50.85647,43.54091,IJZER
50.884092,44.10163,TWEEDEKKER
50.843896,44.05406,GEORGESHENRI
50.839851,44.36757,WEGGEVOERDEN
50.863005,43.30789,SIMONIS
50.878265,43.21409,LEROUX
50.803007,44.09778,CALYPSO2000
50.864418,42.9709,SCHWEITZER
50.816648,43.19873,BERVOETS
50.842922,44.06278,GEORGESHENRI
50.864364,42.96721,SCHWEITZER
50.854208,44.47844,HOFTERMUSSCHEN
50.88792,43.27875,KINDERZIEKENHUIS
50.864894,42.96868,SCHWEITZER
50.816346,43.71817,LEGRAND
50.843434,43.83842,SCHUMAN
50.865077,43.20101,BOSSAERT-BASILIEK
50.864456,43.43166,PICARD
50.823075,42.96755,WAXWEILER
50.863632,43.24662,BESME
50.866879,43.10144,GOFFIN
50.837828,42.83771,WESTLANDSHOPPING
50.844356,43.83817,SCHUMAN
50.860915,43.58355,NOORDSTATION
50.836343,42.95116,RENEHENRY
50.892851,43.12731,DIKKEBEUK
50.817464,43.20483,BERVOETS
50.843138,43.75982,TOULOUSE
50.849022,44.59021,KRAAINEM
50.893923,43.97845,MEUDON-PAVILJ.
50.849751,43.74333,SINT-JOOST
50.85969,43.76229,WIJNHEUVELEN
50.866292,43.03465,VALIDA
50.851519,43.94513,PLASKY
50.852427,44.91947,DEUTSCHESCHULE
50.861233,42.92961,KERKPLEIN
50.85008,43.98687,OPAAL
50.871865,43.25596,SPIEGEL
50.861842,43.22192,SIPPELBERG
50.848128,44.2514,VERHEYLEWEGHEN
50.812012,43.18754,VORSTCENTRUM
50.86468,42.8547,ZEVENSTERREN
50.852876,44.37997,POPULIEREN
50.840185,43.82637,FROISSART
50.885545,43.16271,OUDEAFSPANNING
50.855671,44.40572,MARCELTHIRY
50.847115,43.91358,GEUZEN
50.859968,42.96401,COMHAIRE
50.857103,44.41439,JESPERS
50.839797,44.37879,WEGGEVOERDEN
50.86296,43.30756,SIMONIS
50.8588,44.38702,HOFTENBERG
50.840299,44.40293,MALOUPARK
50.845805,43.2306,DELACROIX
50.846731,44.31215,HYMANS
50.842274,44.06462,GEORGESHENRI
50.862575,43.01247,GENOT
50.860617,44.20453,CICERO
50.861682,43.36469,OURTHE
50.841633,43.64862,TROON
50.859742,44.16887,DELOMBAERDE
50.861367,43.36463,OURTHE
50.839898,43.55875,KLEINEZAVEL
50.850757,44.34245,HAAGBEUKEN
50.84056,44.39697,MALOUPARK
50.848351,43.22094,WESTSTATION
50.816555,42.92593,CAMPUSCOOVI
50.841381,44.34303,VOOT
50.839607,43.98226,MERODE
50.834697,44.26884,GROENEHOND
50.803124,44.08998,CALYPSO2000
50.839573,43.86044,NERVIERS
50.854908,44.38909,MARCELTHIRY
50.842347,44.27376,MELARD
50.839431,43.7338,LUXEMBURG
50.85249,44.37386,POPULIEREN
50.847998,43.98087,VICTORHUGO
50.841376,43.5808,KONING
50.841803,42.86873,MOORTEBEEK
50.846998,43.90903,GEUZEN
50.840904,43.50565,KAPELLEKERK
50.848353,44.24614,VERHEYLEWEGHEN
50.845282,43.86558,MICHELANGELO
50.862688,43.26239,VRIJHEID
50.848573,44.14547,MEI
50.888569,43.27578,KINDERZIEKENHUIS
50.845922,43.23329,DELACROIX
50.85153,43.84174,VINCOTTE
50.786148,44.2484,VORSTERIE
50.85886,43.30205,AUTRIQUE
50.84913,43.77145,GUTENBERG
50.8405,43.81885,FROISSART
50.860479,43.31823,VANHUFFEL
50.846876,44.3052,HYMANS
50.816266,42.90209,COOVI
50.862752,43.25697,VRIJHEID
50.850263,43.74759,SINT-JOOST
50.815856,42.9502,CAMPUSCOOVI
50.866943,42.81332,HUNDERENVELD
50.817082,44.00814,CHIREC
50.836154,42.95301,RENEHENRY
50.869753,42.88799,MONNET-PARK
50.817056,43.99788,CHIREC
50.835155,42.80397,APPELBOOM
50.866834,43.08323,GOFFIN
50.848082,44.67057,KONINGINASTRID
50.834966,42.80497,APPELBOOM
50.842438,42.962,PETERBOS
50.85041,44.869,GERGEL
50.818515,42.94711,WAUTERS
50.819628,43.25398,UNION
50.840141,44.89543,HERNALSTEEN
50.828962,42.93893,VANBEETHOVEN
50.821157,43.25978,UNION
50.774171,43.38487,STATIONLINKEBEEK
50.849049,43.77287,GUTENBERG
50.866256,43.03181,VALIDA
50.78918,43.59647,DIRECTOIRE
50.852473,43.88463,DAILLY
50.814369,43.25119,ZAMAN-VORSTNAT.
50.806433,43.4079,ST-PIETERSCOLLEGE
50.848436,44.20326,SPEECKAERT
50.854077,43.28448,GROENINGHE
50.81049,43.40145,PEYO
50.859657,44.14231,PADUWA
50.80305,43.58807,HOUZEAU
50.84762,44.48299,VANDERVELDE
50.834547,44.20311,JULIUSCAESAR
50.84381,43.051,HENRIREY
50.840053,44.88152,HERNALSTEEN
50.85479,44.40301,MARCELTHIRY
50.838385,42.84139,WESTLANDSHOPPING
50.8432,44.87606,SPORTPLEIN
50.857665,44.42066,JESPERS
50.840527,43.82651,FROISSART
50.838508,43.36507,ZUIDSTATION
50.848607,44.2027,SPEECKAERT
50.863301,43.30614,SIMONIS
50.84038,44.84703,VIOOLTJES
50.850187,43.98644,OPAAL
50.867019,43.21136,RIETHUISEN
50.873981,43.22561,BRUSSELAARS
50.849894,43.81107,CLOVIS
50.866675,43.14772,H.HARTCOLLEGE
50.885472,43.16281,OUDEAFSPANNING
50.849814,43.74063,SINT-JOOST
50.864373,42.96735,SCHWEITZER
50.889498,43.09422,UZ-PEDIATRIE
50.847875,44.55839,ALMA
50.864581,42.97151,SCHWEITZER
50.892923,43.1296,DIKKEBEUK
50.888054,43.19338,DIELEGEM
50.844329,43.84186,SCHUMAN
50.89407,43.25231,PALFIJN
50.840749,44.84562,VIOOLTJES
50.85644,44.31044,ARIANE
50.859744,43.76436,WIJNHEUVELEN
50.846952,44.83413,LOUISMARCELIS
50.85661,44.32322,ARIANE
50.859573,43.76816,WIJNHEUVELEN
50.888147,43.19041,DIELEGEM
50.892622,43.14011,DIKKEBEUK
50.835925,43.72486,IDALIE
50.850009,44.83008,RING0
50.865586,43.50999,THURNENTAXIS
50.833227,43.85801,FETIS
50.843551,44.87266,SPORTPLEIN
50.834407,43.0463,SINT-GUIDO
50.83088,43.8932,DEJACHT
50.814467,42.88169,SINTNIKLAAS
50.847956,44.36126,ROODEBEEK
50.817395,44.21282,HERTOGENDAL
50.814629,42.88467,SINTNIKLAAS
50.85333,44.96905,LANGEEIK
50.808245,44.35562,TRANSVAAL
50.852841,44.82745,KERKWEZEMBEEK
50.853393,44.96565,LANGEEIK
50.816646,44.25399,OUDERGEM-SHOP.
50.839497,44.94766,STIJNSTREUVELS
50.84803,44.36032,ROODEBEEK
50.885712,43.08952,UZ-VUB
50.835757,44.95693,OPPEM
50.847281,44.35155,ROODEBEEK
50.835493,43.80861,VIJVERS
50.814107,43.39161,COGHEN
50.871718,43.24501,SPIEGEL
50.840654,43.64805,TROON
50.848754,44.58553,KRAAINEM
50.847707,43.97407,VICTORHUGO
50.792217,43.59036,DEWANSIJN
50.848073,44.55357,ALMA
50.845754,44.03994,VERGOTE
50.792505,43.59958,DEWANSIJN
50.863999,43.66694,LIEDTS
50.842013,44.28398,MELARD
50.886729,43.11452,UZBRUSSEL
50.805949,43.40894,ST-PIETERSCOLLEGE
50.840994,44.34956,VOOT
50.81033,44.35664,HEILIGHART
50.803597,43.42061,HELDEN
50.84347,43.83977,SCHUMAN
50.811842,44.32488,SCHOONEJANS
50.850306,44.83009,RING0
50.859349,43.44522,SAINCTELETTE
50.823982,44.00869,KRIJGSKUNDE
50.828587,43.15907,HERMES
50.860517,43.40558,RIBAUCOURT
50.833029,43.86241,FETIS
50.863052,43.47176,SUZANDANIEL
50.8589,43.44835,SAINCTELETTE
50.872802,43.28702,LEOPOLDI
50.848307,44.66589,KONINGINASTRID
50.84149,44.32103,SLEGERS
50.845003,43.51728,GROTEMARKT
50.873581,43.22738,BRUSSELAARS
50.844094,44.21202,MONTALD
50.858268,43.36469,MERCHTEM
50.875999,43.18701,EEUWFEESTSQUARE
50.845826,44.04548,VERGOTE
50.857124,43.3165,ZWARTEVIJVERS
50.876295,43.18299,EEUWFEESTSQUARE
50.818644,42.98266,DUIVENMELKERS
50.838755,43.85732,NERVIERS
50.880061,43.15951,TENTOONSTELLING
50.835718,42.75337,GOEDELUCHT
50.831031,43.90627,DEJACHT
50.885354,43.16858,OUDEAFSPANNING
50.828854,42.93893,VANBEETHOVEN
50.832776,43.95098,ELFNOVEMBER
50.886652,43.11336,UZBRUSSEL
50.823022,42.97351,WAXWEILER
50.831532,44.04636,BOILEAU
50.892997,43.15058,DIKKEBEUK
50.820497,42.99327,ACHTUREN
50.827185,44.18216,VOGELZANG
50.893478,43.19755,DEHEYN
50.832932,44.32063,TRAMMUSEUM
50.834526,44.27011,GROENEHOND
50.893998,43.25572,PALFIJN
50.849131,43.69931,MADOU
50.850478,43.513,DEBROUCKERE
50.89384,43.31185,STADION
50.85162,43.84813,VINCOTTE
50.831355,44.52487,BOSSTRAAT
50.894154,43.31475,STADION
50.852949,43.91801,RADIUM
50.832614,44.63859,PADDOCK
50.859872,43.75848,WIJNHEUVELEN
50.847919,44.07745,LEVIE
50.841533,44.49168,DONBOSCO
50.841731,43.53972,GROTEZAVEL
50.848322,44.13496,MEI
50.841321,44.43688,FALLONSTADION
50.826393,43.96727,ARSENAAL
50.848617,44.17628,HEYDENBERG
50.832914,44.46811,MAREYDE
50.824135,44.00458,KRIJGSKUNDE
50.855618,44.38981,MARCELTHIRY
50.908554,43.9545,MERCATOR
50.820617,44.09552,SINT-JULIAANSKERK
50.855498,44.28174,GULLEDELLE
50.828542,44.62659,SINT-ALEIDIS
50.819105,44.14816,VANDROMME
50.836069,44.12945,LEOPOLDII
50.830997,44.18305,ATLANT.OCEAAN
50.811714,44.32757,SCHOONEJANS
50.841983,43.83759,SCHUMAN
50.832883,43.98917,KON.OVERWINNAAR
50.835924,43.56089,LOUIZA
50.851026,44.34771,HAAGBEUKEN
50.839106,43.85817,NERVIERS
50.885945,43.08625,UZ-VUB
50.848725,44.16464,HEYDENBERG
50.834996,44.20567,JULIUSCAESAR
50.839842,43.69371,WETENSCHAP
50.848054,44.08895,LEVIE
50.836284,44.15514,LEOPOLDII
50.79192,43.51576,DROSSAARD
50.852877,43.91929,RADIUM
50.834405,43.7815,VARIA
50.884648,43.22212,BONAVENTURE
50.852527,43.88052,DAILLY
50.85421,43.6151,SAINT-LOUIS
50.875668,43.18538,EEUWFEESTSQUARE
50.849697,43.69619,MADOU
50.855575,43.58297,ROGIER
50.875097,43.13015,OCMWGANSHOREN
50.846716,44.42702,KLAKKEDELLE
50.830855,43.73536,MALIBRAN
50.812483,44.28388,HERRMANN-DEBROUX
50.847414,44.47702,VANDERVELDE
50.812034,43.67336,LONGCHAMP
50.885043,43.21743,BONAVENTURE
50.84839,44.59234,KRAAINEM
50.809738,43.65162,MONTJOIE
50.871086,43.30171,FIRMINLECHARLIER
50.814561,42.81457,BEGR.ANDERLECHT
50.803796,43.61786,FLORIDA
50.884943,43.22728,BONAVENTURE
50.852141,44.81977,GEBUREN
50.784248,43.32705,VLEESKERSEN
50.839925,43.69258,WETENSCHAP
50.839166,43.96742,MERODE
50.803921,43.49047,BEELDHOUWERS
50.825898,43.97734,ARSENAAL
50.839821,44.94327,STIJNSTREUVELS
50.789013,43.34445,ENGELAND
50.870978,43.30174,FIRMINLECHARLIER
50.853687,44.82052,KERKWEZEMBEEK
50.773632,43.35874,DAPPEREN
50.800255,43.18326,NEERSTALLE
50.847003,44.43725,KLAKKEDELLE
50.78091,43.32439,NOORDKRIEKEN
50.800219,43.1829,NEERSTALLE
50.814015,43.3906,COGHEN
50.776441,43.34839,OUDEWEG
50.833143,43.42664,HALLEPOORT
50.809923,43.39828,PEYO
50.797648,43.36207,RITTWEGER
50.837065,43.8664,LEMAN
50.793728,43.63929,SINT-JOBPLEIN
50.810053,43.64538,MONTJOIE
50.83435,43.88044,LOUISHAP
50.793908,43.64326,SINT-JOBPLEIN
50.830576,43.73493,MALIBRAN
50.832262,43.98902,KON.OVERWINNAAR
50.839217,43.63777,NAAMSEPOORT
50.836428,43.70853,IDALIE
50.828736,44.07927,BARONDECASTRO
50.850932,44.86461,GERGEL
50.80056,43.373,GLOBE
50.826613,44.11843,NIJVELSEDREEF
50.838508,43.36507,ZUIDSTATION
50.895751,43.88617,PETERBENOIT
50.830501,44.18486,ATLANT.OCEAAN
50.828595,43.16431,HERMES
50.793512,43.66737,SINT-JOBPLEIN
50.833278,44.23319,MOSTINCK
50.847042,44.83455,LOUISMARCELIS
50.803864,43.99607,DRIES
50.831355,44.38022,KELLE
50.86303,43.47661,SUZANDANIEL
50.804852,44.26364,TENREUKEN
50.908377,43.95668,MERCATOR
50.879669,43.15958,TENTOONSTELLING
50.851204,44.51656,CLINIQUES-UCL
50.842247,44.56538,HERENDAL
50.88634,43.11669,UZBRUSSEL
50.850255,44.58513,MOUNIER
50.842081,44.50887,KONKEL
50.890081,43.09188,UZ-PEDIATRIE
50.812231,44.29126,HERRMANN-DEBROUX
50.841399,44.48927,DONBOSCO
50.89631,43.29465,KONINGBOUDEWIJN
50.846111,43.83756,AMBIORIX
50.836926,44.67474,BERKEN
50.84775,43.45878,SINT-GORIK
50.853196,43.53646,DEBROUCKERE
50.83698,44.67233,BERKEN
50.875035,43.13561,OCMWGANSHOREN
50.858405,43.18501,KARREVELD
50.841905,44.56992,HERENDAL
50.885563,43.22378,BONAVENTURE
50.856927,43.25319,OSSEGEM
50.841094,44.59887,GERSIS
50.828191,43.93776,BUEDTS
50.843679,43.83925,SCHUMAN
50.825841,44.56976,VANDERMEERSCHEN
50.88989,43.09199,UZ-PEDIATRIE
50.80913,44.27589,SENY-PARK
50.829285,44.55393,MANOIRD'ANJOU
50.886396,43.11083,UZBRUSSEL
50.866227,43.58283,DESTOUVELLES
50.831085,44.52259,BOSSTRAAT
50.809898,44.36174,HEILIGHART
50.894753,43.91357,OORLOGSKRUISEN
50.834884,44.29254,GROENEHOND
50.835745,43.7717,MUSEUM
50.891237,43.838,BOOMGAARD
50.833549,44.20338,JULIUSCAESAR
50.79192,43.51675,DROSSAARD
50.867252,43.72886,COLIGNON
50.827977,44.18103,VOGELZANG
50.889696,43.09404,UZ-PEDIATRIE
50.855967,43.83582,BREMER
50.82502,44.1529,MEEUWEN
50.816872,44.24406,OUDERGEM-SHOP.
50.795803,43.72407,DIESDELLE
50.826037,44.12736,NIJVELSEDREEF
50.817791,44.1971,HERTOGENDAL
50.780305,43.49198,PASTEUR
50.82878,44.08268,BARONDECASTRO
50.819006,44.15298,VANDROMME
50.811716,43.57429,CAVELL
50.833027,43.75441,BLYCKAERTS
50.821065,44.08234,SINT-JULIAANSKERK
50.831242,43.09655,DEMOCRATIE
50.877616,44.09348,BORDETSTATION
50.828506,43.9335,BUEDTS
50.806358,43.57586,LANGEVELD
50.863234,43.56932,GLIBERT
50.835839,43.74913,MUSEUM
50.792451,43.74226,RACING
50.86008,43.60273,NOORDSTATION
50.873068,43.28469,LEOPOLDI
50.789637,43.74878,FORT-JACO
50.83294,43.74842,BLYCKAERTS
50.835844,43.79697,VIJVERS
50.786822,43.76323,BRAAMSTRUIKEN
50.823578,43.67622,VLEURGAT
50.841848,43.64842,TROON
50.784311,43.7835,VANBEVER
50.773299,43.35988,DAPPEREN
50.882396,43.35686,GUILL.DEGREEF
50.781196,43.80889,PRINSVANORANJE
50.774094,43.38942,STATIONLINKEBEEK
50.846406,43.57819,CENTRAALSTATION
50.779147,43.6532,HEILIGVERBOND
50.78698,43.30689,HORZEL
50.824949,44.14481,MEEUWEN
50.788971,43.73792,FORT-JACO
50.77961,43.38295,HOMBORCH
50.831505,44.43601,MERTENS
50.782373,43.5684,MARENTAK
50.776292,43.3478,OUDEWEG
50.828404,44.56072,MANOIRD'ANJOU
50.77804,43.54289,VERREWINKEL
50.776272,43.42435,GEITJES
50.825859,44.57146,VANDERMEERSCHEN
50.870326,43.05265,PAMPOEL
50.779087,43.32411,MOENSBERGSTATION
50.839664,43.64656,NAAMSEPOORT
50.872878,43.14714,NEREUS
50.78894,43.34006,ENGELAND
50.828371,44.63041,SINT-ALEIDIS
50.889412,43.22303,BOLLIEENBILLIE
50.791224,43.32898,UKKELKALEVOET
50.841346,44.59774,GERSIS
50.794343,43.343,JEANNEHERREMAN
50.78733,43.30532,HORZEL
50.907479,44.00449,DEBEJAR
50.794092,43.34203,JEANNEHERREMAN
50.804317,43.54863,ZEECRABBE
50.907729,44.0055,DEBEJAR
50.876904,43.42176,EMILEDELVA
50.804084,43.58041,HOUZEAU
50.832842,44.46584,MAREYDE
50.868582,43.89962,TERDELT
50.811069,43.62608,GOSSART
50.833162,44.63477,PADDOCK
50.83615,43.55323,LOUIZA
50.81604,43.67006,BASCULE
50.831577,44.43672,MERTENS
50.840532,43.40945,LEMONNIER
50.821452,43.66581,VANEYCK
50.83141,44.37824,KELLE
50.846143,43.42782,WASHUIS
50.823501,43.67848,VLEURGAT
50.832162,44.04083,BOILEAU
50.869824,43.71196,PAVILJOEN
50.833192,43.74799,BLYCKAERTS
50.832802,43.95936,ELFNOVEMBER
50.855501,43.95892,MEISER
50.800674,43.37416,GLOBE
50.831177,43.89945,DEJACHT
50.854421,43.98959,MEISER
50.800687,43.37586,GLOBE
50.834694,43.88065,LOUISHAP
50.85533,43.9717,MEISER
50.825848,43.69774,BIARRITZ
50.837284,43.86689,LEMAN
50.832176,43.02036,MEIR
50.895522,43.89181,PETERBENOIT
50.834163,43.77866,VARIA
50.834812,43.06674,SINT-GUIDO
50.905632,44.02999,ANTOONVANOSS
50.832713,43.74968,BLYCKAERTS
50.837022,43.18582,KUREGEM
50.905522,44.03494,ANTOONVANOSS
50.849296,43.4871,BEURS
50.839207,43.23336,ALBERTI
50.818551,44.27289,VORSTRONDPUNT
50.825678,43.69486,BIARRITZ
50.85242,43.51157,BEGIJNHOF
50.793389,43.66686,SINT-JOBPLEIN
50.835179,43.72173,IDALIE
50.843431,43.54454,BIBLIOTHEEK
50.808321,44.27177,SENY-PARK
50.819645,43.6624,VANEYCK
50.859189,43.54777,NICOLAY
50.862491,44.57457,SINT-ANTONIUS
50.817394,43.66481,PATTON
50.84477,43.51983,GROTEMARKT
50.860156,44.54896,ANNECY
50.815338,43.67106,BASCULE
50.836997,44.08119,MONTGOMERY
50.852563,44.55372,DUNETTE
50.811096,43.62452,GOSSART
50.889968,44.14876,STAT.HAREN-ZUID
50.853935,44.4343,THIRY-WOLUWE
50.806357,43.66364,RENEGOBERT
50.850496,43.49922,DEBROUCKERE
50.864124,44.56697,THUMAS
50.804353,43.56523,HOUZEAU
50.868313,43.53197,STAPELHUIS
50.85031,44.57931,MOUNIER
50.798185,43.36239,RITTWEGER
50.805452,43.2734,DECROLY
50.812357,44.29112,HERRMANN-DEBROUX
50.798185,43.36239,RITTWEGER
50.894356,43.82654,ZAVELPUT
50.859427,43.79125,WIJNHEUVELEN
50.789489,43.33821,ENGELAND
50.902785,43.98081,TRASSERSWEG
50.818479,44.27715,VORSTRONDPUNT
50.781047,43.32395,NOORDKRIEKEN
50.905166,44.01793,ANTOONVANOSS
50.801644,43.9691,FUTAIE
50.778935,43.32425,MOENSBERGSTATION
50.833457,42.95192,BRACOPS-ZIEKENH.
50.804133,44.0026,DRIES
50.803912,43.49486,BEELDHOUWERS
50.872853,43.58097,CLAESSENS
50.805085,44.26719,TENREUKEN
50.776788,43.3909,GODSHUIZEN
50.827158,43.44041,BAREEL
50.863047,44.57565,SINT-ANTONIUS
50.803326,43.42649,HELDEN
50.826762,43.43545,BAREEL
50.809788,43.99271,WATERMAALSTATION
50.774085,43.38772,STATIONLINKEBEEK
50.826762,43.43545,BAREEL
50.809661,43.99387,WATERMAALSTATION
50.784023,43.32988,VLEESKERSEN
50.818916,43.78789,BUYL
50.85284,44.52738,UCLSAINT-LUC
50.78894,43.34006,ENGELAND
50.907492,43.88708,MILITAIRHOSP.
50.894611,43.90838,OORLOGSKRUISEN
50.791242,43.32898,UKKELKALEVOET
50.902623,43.97939,TRASSERSWEG
50.891445,43.84563,BOOMGAARD
50.797648,43.36207,RITTWEGER
50.899117,43.9896,GROENWEG
50.866692,43.73226,COLIGNON
50.891066,43.80166,GEMENEBEEMDEN
50.879536,43.75408,DOCKSBRUXSEL
50.867265,43.80029,VOLTAIRE
50.803733,43.61942,FLORIDA
50.86861,43.53112,STAPELHUIS
50.85564,43.84072,BREMER
50.806745,43.66326,RENEGOBERT
50.835428,42.98979,DELINDE
50.794537,43.66113,SINT-JOBPLEIN
50.891075,43.79597,GEMENEBEEMDEN
50.833718,42.95433,BRACOPS-ZIEKENH.
50.806255,44.00659,BIEN-FAIRE
50.800544,43.3711,GLOBE
50.827635,43.66478,DAUTZENBERG
50.779228,43.64342,HEILIGVERBOND
50.855827,43.58456,ROGIER
50.816172,42.9016,COOVI
50.780738,43.80476,PRINSVANORANJE
50.866116,44.53828,VIADUCTE40
50.816082,42.90149,COOVI
50.787661,43.75822,BRAAMSTRUIKEN
50.801473,43.96939,FUTAIE
50.890678,43.2992,STIENON
50.817163,43.54632,GEORGESBRUGMANN
50.854805,44.45186,THIRY-WOLUWE
50.817442,43.80672,BUYL
50.808086,43.57071,BRUNARD
50.850663,44.54183,AUDITOIRES-UCL
50.830628,43.4421,ST-GILLISVOORPL.
50.807958,43.57175,BRUNARD
50.85069,44.54112,AUDITOIRES-UCL
50.825332,43.3862,COMBAZ
50.811185,43.57628,CAVELL
50.851276,44.51528,CLINIQUES-UCL
50.844731,43.38892,ANDERLECHTSEPOORT
50.794875,43.73693,DIESDELLE
50.859755,43.78841,WIJNHEUVELEN
50.821348,43.34025,LAINE
50.778634,43.73884,NAPOLEON
50.85284,44.52738,UCLSAINT-LUC
50.802945,43.30492,ELZEBOOM
50.870839,43.04048,PAMPOEL
50.86003,44.54825,ANNECY
50.800361,43.27532,VICTORALLARD
50.780341,43.49113,PASTEUR
50.857615,43.1955,KARREVELD
50.86909,43.16014,DELHOVE
50.779458,43.38791,HOMBORCH
50.857009,43.2534,OSSEGEM
50.869063,43.15725,DELHOVE
50.868579,43.89682,TERDELT
50.852563,44.55371,DUNETTE
50.848221,44.72851,KRAAINEM-SHOPPING
50.844661,43.45722,ANNEESSENS
50.864784,44.56694,THUMAS
50.853057,44.24597,ANDROMEDA
50.858919,43.54478,NICOLAY
50.866428,43.5856,DESTOUVELLES
50.89072,43.30309,STIENON
50.851799,43.50802,BEGIJNHOF
50.879227,43.75066,DOCKSBRUXSEL
50.889061,43.35045,POLIKL.BRUGMANN
50.841816,43.29864,CLEMENCEAU
50.782011,43.41228,GAZELLE
50.800733,43.2733,VICTORALLARD
50.839135,43.2291,ALBERTI
50.867061,43.79705,VOLTAIRE
50.825314,43.39089,COMBAZ
50.839153,43.22924,ALBERTI
50.864943,43.80714,CROSSING
50.832571,43.44302,HALLEPOORT
50.869411,43.63255,MASUI
50.778337,43.54473,VERREWINKEL
50.838385,42.84139,WESTLANDSHOPPING
50.855222,43.97014,MEISER
50.782621,43.5701,MARENTAK
50.871344,43.23532,SPIEGEL
50.855159,43.97028,MEISER
50.806201,44.00573,BIEN-FAIRE
50.869429,43.21787,SIMPSON
50.853963,43.97794,MEISER
50.779259,43.76415,NAPOLEON
50.866902,43.20028,RIETHUISEN
50.835713,43.12224,VERZET
50.783459,43.79204,VANBEVER
50.864744,43.18411,BOSSAERT-BASILIEK
50.841816,43.30106,CLEMENCEAU
50.806502,43.57331,LANGEVELD
50.862217,43.15956,BASTENAKEN
50.864161,43.57517,GLIBERT
50.816833,43.54964,GEORGESBRUGMANN
50.854993,43.06065,CANDRIES
50.838007,44.06021,MONTGOMERY
50.789323,43.7502,FORT-JACO
50.822306,43.22642,GERIJ
50.821725,44.05707,HANKAR
50.792721,43.74056,RACING
50.836335,43.37833,ZUIDSTATION
50.881205,43.73115,VANPRAET
50.832025,43.11298,DEMOCRATIE
50.841454,43.03457,JAKOBSMITS
50.899306,43.99017,GROENWEG
50.78962,43.72651,FORT-JACO
50.834096,43.35818,ZWEDEN
50.890381,43.91322,LINKEROEVER
50.789619,43.59547,DIRECTOIRE
50.834069,43.3579,ZWEDEN
50.826574,43.44709,BAREEL
50.872959,43.15007,NEREUS
50.870759,43.61337,JULESDETROOZ
50.879578,43.71271,DOCKSBRUXSEL
50.889448,43.22644,BOLLIEENBILLIE
50.831389,43.32229,KONINGSLAAN
50.879398,43.70675,DOCKSBRUXSEL
50.794352,43.34285,JEANNEHERREMAN
50.824159,43.25394,WIELS
50.818914,43.78791,BUYL
50.794092,43.34203,JEANNEHERREMAN
50.822171,43.21734,GERIJ
50.895882,43.95191,BOSDUIF
50.782155,43.41157,GAZELLE
50.823497,43.16113,EILANDST-HELENA
50.895182,43.87459,PETERBENOIT
50.876959,43.42083,EMILEDELVA
50.808098,43.3713,BENS
50.894607,43.82569,ZAVELPUT
50.872416,42.97737,BASILIX
50.847402,42.99103,PRINSVANLUIK
50.888513,43.75106,HEEMBEEK
50.874909,43.63098,MABRU
50.855561,43.07349,CANDRIES
50.908554,44.06614,BUDA
50.864233,43.57417,GLIBERT
50.864789,43.18851,BOSSAERT-BASILIEK
50.846598,43.48295,BEURS
50.848383,43.467,BEURS
50.845686,43.46176,ANNEESSENS
50.817442,43.80672,BUYL
50.845019,43.39403,ANDERLECHTSEPOORT
50.815052,42.66326,ERASMUS
50.844911,43.38679,ANDERLECHTSEPOORT
50.843561,43.3398,LIVERPOOL
50.816904,42.79004,EDDYMERCKX
50.825323,43.38635,COMBAZ
50.836822,43.18057,KUREGEM
50.825555,42.88086,MARTINLUTH.KING
50.814722,43.32667,DUDEN
50.849859,43.60204,DEBERLAIMONT
50.813623,43.24822,ZAMAN-VORSTNAT.
50.810676,43.29038,DOMEIN
50.828805,43.03346,ARISTIDEBRIAND
50.796599,43.09433,LANGESTRAAT
50.80432,43.2788,DECROLY
50.826586,43.04877,VANKALKEN
50.821824,42.83943,MARIECURIE
50.84804,44.74114,KRAAINEM-SHOPPING
50.869537,43.67204,STEPHENSON
50.816051,42.7466,MIJLENMEERS
50.853841,44.17309,PLEJADEN
50.854907,43.98704,MEISER
50.807323,43.26279,FORESTOISE
50.853057,44.24597,ANDROMEDA
50.853976,43.97888,MEISER
50.807026,43.2846,GATTIDEGAMOND
50.804626,43.28093,DECROLY
50.828949,43.02693,ARISTIDEBRIAND
50.890867,43.46055,SINT-LAMBERTUS
50.821115,43.378,KEMMELBERG
50.839207,43.23321,ALBERTI
50.83767,42.85347,WESTLANDSHOPPING
50.824414,43.3601,ROCHEFORT
50.843741,43.35201,LIVERPOOL
50.837586,42.87789,WESTLANDSHOPPING
50.825314,43.39075,COMBAZ
50.846737,43.43922,WASHUIS
50.878994,43.74195,DOCKSBRUXSEL
50.830153,43.44556,ST-GILLISVOORPL.
50.838041,44.05536,MONTGOMERY
50.831686,43.32853,KONINGSLAAN
50.832111,43.44862,HALLEPOORT
50.837987,44.05848,MONTGOMERY
50.831677,43.32853,KONINGSLAAN
50.879096,43.32662,ONTMIJNERS
50.837869,44.07055,MONTGOMERY
50.834213,43.36102,ZWEDEN
50.858628,43.11245,BEGR.MOLENBEEK
50.821817,44.0557,HANKAR
50.87137,43.76768,VERBOEKHOVEN
50.856955,43.08918,LEROY
50.8896,44.16634,STAT.HAREN-ZUID
50.840086,43.65335,TROON
50.867271,43.2007,RIETHUISEN
50.848168,43.56484,ARENBERG
50.832355,43.01549,MEIR
50.846278,42.98367,PRINSVANLUIK
50.888855,43.74708,HEEMBEEK
50.832418,44.05272,BOILEAU
50.823274,43.16581,EILANDST-HELENA
50.849265,43.56881,ARENBERG
50.840392,43.80564,FROISSART
50.839594,43.061,SCHOONHEID
50.895756,43.94267,BOSDUIF
50.84433,43.78052,MAALBEEK
50.838895,43.09863,BROEREN
50.87633,43.6452,MABRU
50.81597,44.29216,BERGOJE
50.834784,43.32879,VICTORHORTAPLEIN
50.83303,43.02815,MEIR
50.816381,44.34921,TWEESTEENWEGEN
50.881239,43.48305,KARELBOGAERD
50.873033,43.58268,CLAESSENS
50.809854,43.24406,VORSTNATIONAAL
50.828952,43.29179,DRUKKERIJ
50.826834,43.44013,BAREEL
50.901262,43.55632,BERGDAL
50.827044,43.05009,VANKALKEN
50.826834,43.44013,BAREEL
50.846027,42.99534,PRINSVANLUIK
50.827135,43.27179,ORBAN
50.866066,43.84904,LOUISBERTRAND
50.799283,43.79135,GENDARMEN
50.877652,43.47042,BOCKSTAEL
50.867468,43.86353,LATINIS
50.801459,43.73603,GROENEJAGER
50.877697,43.47326,BOCKSTAEL
50.803139,43.42194,HELDEN
50.824656,43.34986,ROCHEFORT
50.858682,43.11784,BEGR.MOLENBEEK
50.905094,44.01523,ANTOONVANOSS
50.791613,43.42868,HELLEVELT
50.868071,43.21206,RIETHUISEN
50.899893,43.85399,MARIENDAAL
50.789913,43.38799,GROELSTVELD
50.869995,43.22582,SIMPSON
50.881565,43.73129,VANPRAET
50.824506,43.34729,ROCHEFORT
50.87471,43.3329,WOESTE
50.908636,44.06829,BUDA
50.828579,43.33825,SERVIE
50.850734,43.52937,DEBROUCKERE
50.816506,42.90393,COOVI
50.836172,43.38154,ZUIDSTATION
50.819177,42.83268,KLAVER
50.892437,43.32735,STADION
50.842725,43.17836,JACQUESBREL
50.826205,42.89699,FRANSHALS
50.830979,43.90583,DEJACHT
50.843544,43.13384,KOLON.VETERANEN
50.793372,43.09999,DROGENBOS-SHOP.
50.845369,43.38892,ANDERLECHTSEPOORT
50.865384,43.67758,GALLAIT
50.815638,42.72987,MIJLENMEERS
50.820882,43.38183,KEMMELBERG
50.845599,43.58038,CENTRAALSTATION
50.809707,43.23479,VORSTNATIONAAL
50.816234,43.35873,HOOGTEHONDERD
50.864431,43.71778,LEHON
50.828528,42.98556,VEEWEIDE
50.802314,43.24151,UKKEL-STALLE
50.860089,43.69264,SINT-MARIA
50.826707,42.90885,FRANSHALS
50.810911,43.29166,DOMEIN
50.88547,43.32472,BRUGMANN-ZIEKENH.
50.825307,42.87215,MARTINLUTH.KING
50.814758,43.32909,DUDEN
50.879312,43.33755,KERKH.VANJETTE
50.819542,42.83026,KLAVER
50.816279,43.36171,HOOGTEHONDERD
50.881167,43.48134,KARELBOGAERD
50.815259,42.65609,ERASMUS
50.821061,43.34649,LAINE
50.881483,43.54458,KUNSTENAARS
50.807417,43.26368,FORESTOISE
50.824414,43.3601,ROCHEFORT
50.853292,43.55389,DEBROUCKERE
50.816261,43.37633,HOOGTE100
50.795809,43.18347,STALLE(P)
50.907587,43.88971,MILITAIRHOSP.
50.792814,43.08828,DROGENBOS-SHOP.
50.874395,43.32338,WOESTE
50.852586,43.53919,DEBROUCKERE
50.796824,43.09901,LANGESTRAAT
50.851754,43.0046,MACHTENS
50.843233,43.54355,MAGDALENA
50.798675,43.13548,UKKELSPORT
50.877071,43.31647,VERBEYST
50.855491,43.46631,MARGUERITEDURAS
50.801295,43.17314,NEERSTALLE
50.83533,42.99476,DELINDE
50.894778,43.80678,KRUIPWEG
50.834276,43.36173,ZWEDEN
50.832628,43.28906,VEEARTSEN
50.896595,43.76599,BEIZEGEM
50.830004,43.30725,DRUKKERIJ
50.843418,42.95787,PETERBOS
50.896271,43.71994,VERSAILLES
50.830049,43.3064,DRUKKERIJ
50.871164,43.61237,JULESDETROOZ
50.895129,43.57751,DEWAND
50.832321,44.04675,BOILEAU
50.871164,43.61237,JULESDETROOZ
50.882324,43.35402,GUILL.DEGREEF
50.839956,43.66364,TROON
50.870759,43.61337,JULESDETROOZ
50.881564,43.54244,KUNSTENAARS
50.825184,42.83518,MARIUSRENARD
50.831353,43.32286,KONINGSLAAN
50.885348,43.53234,SCHOLAEUROPEA
50.863832,44.03241,GENEVE
50.877635,43.47781,BOCKSTAEL
50.872161,42.89982,STATIONBERCHEM
50.829732,44.03331,PETILLON
50.828952,43.29208,DRUKKERIJ
50.8744,43.6091,MARIA-CHRISTINA
50.790918,43.33068,UKKELKALEVOET
50.821668,43.2197,GERIJ
50.866633,43.68738,GALLAIT
50.792062,43.44201,HELLEVELT
50.851655,43.00702,MACHTENS
50.879798,43.34451,KERKH.VANJETTE
50.79236,43.48895,EIKENBOS
50.856901,43.094,LEROY
50.874022,43.59319,MARIA-CHRISTINA
50.79831,43.43077,WOLVENDAEL
50.862379,43.16595,BASTENAKEN
50.879051,44.03892,FONSON
50.801591,43.40593,MARLOW
50.871156,43.23703,SPIEGEL
50.880012,44.07132,VANCUTSEM
50.804785,43.68837,ST-ELIZABETH-ZKH.
50.845686,43.46176,ANNEESSENS
50.878826,44.03693,FONSON
50.802349,43.72922,GROENEJAGER
50.878658,43.32538,ONTMIJNERS
50.829041,43.04487,ARISTIDEBRIAND
50.798383,43.85149,VERGAARBAK
50.876435,43.30532,VERBEYST
50.896412,44.21346,TWYENINCK
50.799427,43.79305,GENDARMEN
50.860782,43.55779,WTC
50.871438,43.99979,ONZE-LIEVE-VROUW
50.869728,43.07907,DEVILLEGAS
50.850504,43.5389,DEBROUCKERE
50.86148,43.92473,JOSAPHAT
50.819978,43.24912,UNION
50.849654,43.52651,DEBROUCKERE
50.853309,43.88208,DAILLY
50.820379,43.26376,UNION
50.8215,42.84226,MARIECURIE
50.851647,43.87125,BRABANCONNE
50.821872,43.29885,PIERREDECOSTER
50.812957,43.22694,MONACO
50.874152,44.03007,OUD-KAPELLEKE
50.843934,43.55164,MAGDALENA
50.827658,42.95798,DEBUSSY
50.843737,43.78322,MAALBEEK
50.901585,43.47433,ESPLANADE
50.828449,42.99611,VEEWEIDE
50.821665,43.41617,ALBERT
50.898963,43.57207,FORUM
50.802176,43.16292,BEMPT
50.819551,43.36722,JUPITER
50.81639,44.34396,TWEESTEENWEGEN
50.794791,43.06641,GILSON
50.813742,43.30585,MYSTERIE
50.816078,44.28918,BERGOJE
50.827578,42.94576,DEBUSSY
50.840674,43.64886,TROON
50.847316,43.04414,BOMSTRAAT
50.817028,42.78602,EDDYMERCKX
50.819668,43.3702,JUPITER
50.898675,43.57229,FORUM
50.807655,43.28317,GATTIDEGAMOND
50.809127,43.20825,STAT.VORST-OOST
50.896643,43.83384,CRAETBOS
50.890848,43.44463,SINT-LAMBERTUS
50.816359,43.33887,STEEKSPEL
50.798554,43.84695,VERGAARBAK
50.878765,43.74388,DOCKSBRUXSEL
50.824921,43.5859,DRIEVULDIGHEID
50.804883,43.68986,ST-ELIZABETH-ZKH.
50.816333,43.37562,HOOGTEHONDERD
50.824912,43.58604,DRIEVULDIGHEID
50.800814,43.4091,MARLOW
50.794746,43.06627,GILSON
50.829884,43.64025,VERLAAT
50.797959,43.43375,WOLVENDAEL
50.798433,43.12655,UKKELSPORT
50.833219,43.66552,FERNANDCOCQ
50.900012,43.85067,MARIENDAAL
50.806607,43.14443,MAXWALLER
50.862073,43.9253,JOSAPHAT
50.847423,43.03803,BOMSTRAAT
50.812876,43.22907,MONACO
50.869407,43.99921,CONSCIENCE
50.828334,43.34172,SERVIE
50.812894,43.22907,MONACO
50.892106,43.95914,DRIEGATEN
50.847579,43.08958,SCHEUT
50.814001,43.24963,ZAMAN-VORSTNAT.
50.887775,43.84386,BIEBUYCK
50.8366,43.39336,ZUIDSTATION
50.802607,43.15696,BEMPT
50.912776,44.32925,MACHELEN
50.842467,43.17256,JACQUESBREL
50.850586,43.81149,CLOVIS
50.817588,42.6531,CLEMENCEEVERARD
50.884911,43.29588,CROCQ
50.825295,42.84185,MARIUSRENARD
50.842425,43.3117,CLEMENCEAU
50.878667,43.42494,JACOBSFONTAINE
50.789861,43.3866,GROELSTVELD
50.885733,43.79612,VOORHAVEN
50.885467,43.53311,SCHOLAEUROPEA
50.790363,43.40628,PAPENKASTEEL
50.892025,43.95829,DRIEGATEN
50.895678,43.57282,DEWAND
50.796753,43.46159,DIEWEG
50.847297,43.61212,ROSAPARKS
50.89584,43.62783,PAGODEN
50.799184,43.79419,GENDARMEN
50.898433,44.01533,MARLY
50.895768,43.65589,LANGEBUNDER
50.864422,43.65912,LIEDTS
50.833402,43.13294,BIESTEBROECK
50.896604,43.7704,BEIZEGEM
50.86497,43.65599,LIEDTS
50.909848,43.91722,MILITAIRHOSP.
50.894518,43.80892,KRUIPWEG
50.818214,44.36513,SINT-ANNA
50.876365,43.38162,AMELIEGOMAND
50.899542,43.852,MARIENDAAL
50.869539,43.07992,DEVILLEGAS
50.918524,44.24595,MACHELENSTRAAT
50.889193,43.57137,KONINKL.SERRES
50.844886,43.46148,ANNEESSENS
50.839766,43.12575,AUMALE
50.856681,43.53698,IJZER
50.821996,43.29977,PIERREDECOSTER
50.876467,43.83458,HUART-HAMOIR
50.857103,43.53201,IJZER
50.897592,43.34295,HEIZEL
50.880625,44.01861,SINT-VINCENTIUS
50.892546,43.23333,TIRCHER
50.89932,43.41281,PALEIS12
50.878452,43.89995,CHAUMONTEL
50.873726,43.59092,MARIA-CHRISTINA
50.899089,43.40554,PALEIS12
50.877636,43.79054,SCHAARBEEKSTAT.
50.872317,42.8982,STATIONBERCHEM
50.845749,43.493,MANNEKEN-PIS
50.867837,43.77148,EENENS
50.889877,43.15769,AUDREYHEPBURN
50.901558,43.48599,ESPLANADE
50.839547,43.80607,LEOPOLDSPARK
50.895813,43.63934,LANGEBUNDER
50.901366,43.55204,BERGDAL
50.828059,43.71676,FLAGEY
50.897377,43.58959,PAGODEN
50.845829,42.9929,PRINSVANLUIK
50.825065,43.80135,ZKH.ETT.-ELSENE
50.872448,42.90775,STATIONBERCHEM
50.89641,43.82687,CRAETBOS
50.8826,44.0709,VANDENHOVEN
50.8736,43.60129,MARIA-CHRISTINA
50.797285,43.94014,RENBAANBOSVOORDE
50.827746,43.76628,GIST
50.884726,43.30214,CROCQ
50.792764,43.47278,EIKENBOS
50.829389,43.76204,WERY
50.885793,43.32671,BRUGMANN-ZIEKENH.
50.831684,43.33425,KONINGSLAAN
50.853203,43.73496,HOUWAERT
50.873726,43.59447,MARIA-CHRISTINA
50.847192,43.08958,SCHEUT
50.863361,43.7736,HERMAN
50.874022,43.59319,MARIA-CHRISTINA
50.831139,43.33253,KONINGSLAAN
50.87982,43.84156,ZENOBEGRAMME
50.892834,44.21413,HAREN
50.843485,43.13586,KOLON.VETERANEN
50.880598,44.02159,SINT-VINCENTIUS
50.871074,43.76438,VERBOEKHOVEN
50.845464,43.57538,CENTRAALSTATION
50.882205,44.07163,VANDENHOVEN
50.878817,44.03664,FONSON
50.882853,43.30882,LORGE
50.806877,43.3672,BENS
50.885733,44.1031,TWEEDEKKER
50.882577,43.41384,PRINSLEOPOLD
50.809427,43.13018,SINT-DENIJS
50.847682,43.83747,AMBIORIX
50.896235,43.72264,VERSAILLES
50.862308,44.16194,ARTEMIS
50.864482,43.94293,BICHON
50.90383,43.86737,FERMENOSPILIFS
50.851141,43.95961,PLASKY
50.833057,43.66481,FERNANDCOCQ
50.903066,43.86538,FERMENOSPILIFS
50.847322,43.91116,GEUZEN
50.825002,43.57554,DRIEVULDIGHEID
50.855126,43.57632,ROGIER
50.809483,43.17429,SINT-DENIJS
50.822575,43.54304,MACAMPAGNE
50.922931,44.13867,VLIERKENS
50.851241,43.44952,DANSAERT
50.81617,43.33773,STEEKSPEL
50.813945,43.56293,MARIEDEPAGE
50.849177,43.2557,VIERWINDEN
50.810432,43.26243,VORSTNATIONAAL
50.814475,43.56109,MARIEDEPAGE
50.849532,43.29607,HERTOGINBRABANT
50.813771,43.30839,MYSTERIE
50.889678,43.16768,AUDREYHEPBURN
50.848852,43.20969,WESTSTATION
50.823006,43.53084,MACAMPAGNE
50.855619,43.46114,MARGUERITEDURAS
50.851463,43.11353,DUBOIS
50.835413,43.63769,ST-BONIFAASWIJK
50.878802,43.42708,JACOBSFONTAINE
50.847651,43.6355,PARK
50.822673,43.47875,GEVANGENIS
50.885793,43.32671,BRUGMANN-ZIEKENH.
50.800296,43.1828,NEERSTALLE
50.827127,43.63428,BALJUW
50.882386,43.31153,LORGE
50.861562,44.15938,ARTEMIS
50.826857,43.62606,BALJUW
50.885109,43.30383,CROCQ
50.851356,43.1168,DUBOIS
50.870872,44.00107,ONZE-LIEVE-VROUW
50.88868,43.56059,KONINKL.SERRES
50.852036,43.16437,JOSEPHBAECK
50.892117,44.17902,KORTENBACH
50.903427,44.25382,KASTEELBEAULIEU
50.871643,44.05932,LEKAERTS
50.864311,43.94179,BICHON
50.901131,44.22318,WITLOOF
50.871958,44.0383,HOEDEMAEKERS
50.880867,44.03836,SINT-VINCENTIUS
50.879033,44.03878,FONSON
50.877435,44.21296,RAKET
50.874395,44.03505,OUD-KAPELLEKE
50.880138,44.07488,VANCUTSEM
50.846406,43.57819,CENTRAALSTATION
50.890435,43.90484,LINKEROEVER
50.880816,44.03821,SINT-VINCENTIUS
50.844591,43.39351,ANDERLECHTSEPOORT
50.835957,43.16949,VAARTBRUG
50.877097,44.01905,VREDE
50.886163,43.78237,HEEMBEEK
50.847396,43.61439,ROSAPARKS
50.84104,43.78293,LEOPOLDSPARK
50.846595,43.57038,CENTRAALSTATION
50.857343,43.53551,IJZER
50.829776,43.64338,VERLAAT
50.84789,43.63782,TREURENBERG
50.816248,42.90578,COOVI
50.825002,43.57554,DRIEVULDIGHEID
50.803316,43.08992,BEMPT
50.845024,43.77555,MARIA-LOUIZA
50.809306,43.20361,STAT.VORST-OOST
50.803219,43.09104,BEMPT
50.870911,43.49332,ANDREEDEJONGH
50.822511,43.46584,GEVANGENIS
50.847976,43.67781,DRUKPERS
50.876455,43.38461,AMELIEGOMAND
50.821413,43.41859,ALBERT
50.842675,43.83504,SCHUMAN
50.842128,43.0626,JAKOBSMITS
50.838163,43.62038,NAAMSEPOORT
50.864249,44.18199,BEGR.VANBRUSSEL
50.879537,43.96015,PICARDIE
50.827127,43.63442,BALJUW
50.861276,44.12642,GUILLAUME
50.87936,43.93349,CARLI
50.826857,43.62606,BALJUW
50.86793,44.06426,VRIJETIJD
50.865284,43.7756,ERNESTLAUDE
50.853714,43.88478,DAILLY
50.866191,43.86083,LOUISBERTRAND
50.857194,43.75683,GEEFS
50.876696,44.02225,VREDE
50.870897,44.07182,PERMEKE
50.853832,43.7351,BOSSUET
50.896196,44.21147,TWYENINCK
50.868823,43.95744,KURTH
50.851243,43.76463,BRAEMT
50.891847,44.18029,KORTENBACH
50.86793,44.0627,VRIJETIJD
50.833174,43.78263,ZWEMKUNST
50.90116,44.22863,WITLOOF
50.860337,44.21547,CICERO
50.816883,43.75924,TERKAMEREN-STER
50.867672,43.98627,CONSCIENCE
50.81742,43.78614,BUYL
50.892486,43.33445,STADION
50.908225,43.89668,MILITAIRHOSP.
50.844123,43.59055,BOZAR
50.843259,43.46303,ROUPPE
50.89837,44.0176,MARLY
50.827349,43.71889,FLAGEY
50.8397,43.80593,LEOPOLDSPARK
50.885555,43.7907,VOORHAVEN
50.820259,43.77041,GEOBERNIER
50.836113,43.80833,VIJVERS
50.85523,43.35619,PAAL
50.837543,43.62009,NAAMSEPOORT
50.856933,43.75584,GEEFS
50.87815,44.30334,BOURGET
50.813379,44.33285,MASSARTTUIN
50.878246,43.89711,CHAUMONTEL
50.8785,44.31073,BOURGET
50.818353,44.05847,DELTA
50.879288,43.93676,CARLI
50.833223,43.13209,BIESTEBROECK
50.818694,44.08515,INVALIDEN
50.879565,43.97072,PICARDIE
50.836079,43.16874,VAARTBRUG
50.813655,44.19876,KLEINEWIJNGAARD
50.876556,43.85391,ANATOLEFRANCE
50.887865,43.84613,BIEBUYCK
50.817857,44.11678,CLESSE
50.799891,43.36409,GLOBE
50.909663,43.91653,MILITAIRHOSP.
50.817227,44.13423,CLESSE
50.803193,43.36665,XAVIERDEBUE
50.818299,42.66915,CLEMENCEEVERARD
50.842748,43.58813,KONING
50.806752,43.3686,BENS
50.845721,43.78078,MARIA-LOUIZA
50.882814,43.22101,FERNANDEVOLRAL
50.809701,43.13231,SINT-DENIJS
50.87101,43.48892,ANDREEDEJONGH
50.827133,42.88701,FRANSHALS
50.799891,43.15292,NEERSTALLE
50.919289,44.25681,MACHELENSTRAAT
50.837984,43.68667,LONDEN
50.888347,44.2516,VLIEGVELD
50.842969,43.18109,JACQUESBREL
50.838038,43.68766,LONDEN
50.865434,44.21794,DUIVELTJES
50.838859,43.10282,BROEREN
50.834945,43.55876,LOUIZA
50.886466,44.29606,MAES
50.839427,43.07469,SCHOONHEID
50.823887,43.53452,MACAMPAGNE
50.836739,43.3708,ZUIDSTATION
50.876799,43.85732,ANATOLEFRANCE
50.838003,43.53594,POELAERT
50.847808,43.81205,WATERLOOWILSON
50.849049,43.77769,GUTENBERG
50.842189,43.54148,GROTEZAVEL
50.85302,43.41841,VLAAMSEPOORT
50.879766,43.83871,ZENOBEGRAMME
50.851142,43.4437,DANSAERT
50.849177,43.2557,VIERWINDEN
50.877429,43.79182,SCHAARBEEKSTAT.
50.863667,44.13198,EENBOOM
50.849975,43.34359,DRIEHOEK
50.863073,43.77446,HERMAN
50.830981,42.89291,SCHERDEMAAL
50.848843,43.20969,WESTSTATION
50.859172,43.77161,WIJNHEUVELEN
50.833404,42.82615,SIBELIUS
50.852158,43.16237,JOSEPHBAECK
50.829389,43.76161,WERY
50.835641,43.31204,ELOY
50.851039,43.07562,TAMARISKEN
50.828658,43.76665,GIST
50.833096,43.27998,VEEARTSEN
50.851314,43.00802,MACHTENS
50.88822,43.35447,POLIKL.BRUGMANN
50.830458,43.19426,KLEINEILAND
50.856934,43.03506,TIJM
50.84756,43.63669,PARK
50.810772,43.0347,HUMANITEIT
50.852693,43.07347,CONDOR
50.833084,43.78277,ZWEMKUNST
50.832052,43.24833,TWEESTATIONS
50.805989,43.11602,MAXWALLER
50.83792,43.81785,JOURDAN
50.819864,43.08609,ARBEID
50.800151,43.18408,NEERSTALLE
50.859855,43.77757,WIJNHEUVELEN
50.849013,44.16848,HEYDENBERG
50.817226,43.20107,VORST(BERVOETS)
50.865419,43.77687,ERNESTLAUDE
50.850333,44.08414,GODD.ZALIGMAKER
50.857532,43.56298,ALBERTII
50.868215,43.77077,EENENS
50.854699,44.25119,ANDROMEDA
50.861313,43.56188,WTC
50.870876,43.76126,VERBOEKHOVEN
50.850804,44.10246,FEBRUARI
50.849891,43.96145,PLASKY
50.877375,43.80191,SCHAARBEEKSTAT.
50.855187,44.2103,STEENBOK
50.848843,43.21694,WESTSTATION
50.875478,43.82875,HUART-HAMOIR
50.854456,44.25251,ANDROMEDA
50.849186,43.2601,VIERWINDEN
50.857129,43.90241,VADERLAND
50.859329,43.09795,BEGR.MOLENBEEK
50.852769,43.42168,VLAAMSEPOORT
50.856985,43.90113,VADERLAND
50.862809,42.99667,GENOT
50.818949,44.07743,DELTA
50.860536,43.92046,CHAZAL
50.872707,42.98342,BASILIX
50.850952,43.97026,MAX-PLASKY
50.859673,43.9152,CHAZAL
50.878185,43.04287,HETVEROOST
50.862169,44.26066,TOL
50.802745,43.36524,XAVIERDEBUE
50.872429,43.13118,NEREUS
50.863401,44.24931,VILLON
50.883549,44.19967,MIDDELWEG
50.874008,43.10317,LOWET
50.862457,44.26194,TOL
50.881959,44.17138,SABCA
50.877554,43.47198,BOCKSTAEL
50.874492,44.08605,MATISSE
50.870623,44.18589,JULESBORDET
50.877545,43.47795,BOCKSTAEL
50.87124,44.00462,ONZE-LIEVE-VROUW
50.878191,44.10322,BORDETSTATION
50.877671,43.48235,BOCKSTAEL
50.852798,43.68894,QUETELET
50.847097,43.87396,MARGARETA
50.87572,43.4835,BOCKSTAEL
50.849372,43.47381,BEURS
50.850536,43.38749,NINOOFSEPOORT
50.865494,43.27473,ELISABETHPARK
50.856412,43.69051,MIDDAGLIJN
50.850022,43.34696,DRIEHOEK
50.86806,43.15424,H.HARTCOLLEGE
50.849887,43.69025,MADOU
50.880576,43.21762,EUGENETOUSSAINT
50.872806,42.9793,BASILIX
50.879658,44.34499,EUROCONTROL
50.855659,43.06405,CANDRIES
50.877078,43.00879,GANSHOREN-SPORT
50.87966,44.34492,EUROCONTROL
50.852396,43.07205,CONDOR
50.894031,43.25214,PALFIJN
50.879486,44.33926,EUROCONTROL
50.862095,44.09177,OPTIMISME
50.892377,43.24067,TIRCHER
50.878401,44.31144,BOURGET
50.807399,43.12267,MAXWALLER
50.858413,43.36782,MERCHTEM
50.878258,44.30263,BOURGET
50.799278,43.15336,NEERSTALLE
50.895887,43.2702,AMETHIST
50.879825,44.06675,VANCUTSEM
50.850913,43.07675,TAMARISKEN
50.884412,43.43898,SOBIESKI
50.848699,43.67957,DRUKPERS
50.848843,43.21708,WESTSTATION
50.859897,43.41482,RIBAUCOURT
50.850066,43.69073,MADOU
50.800374,43.16833,NEERSTALLE
50.893864,43.26169,PALFIJN
50.872524,44.07538,LEKAERTS
50.849177,43.2601,VIERWINDEN
50.896824,43.36515,HEIZEL
50.865035,44.08995,DUNANT
50.85047,43.38788,NINOOFSEPOORT
50.874191,43.46915,NEKKERSDAL
50.867072,43.87035,LATINIS
50.851034,43.45094,DANSAERT
50.873832,43.46305,NEKKERSDAL
50.865203,43.8219,CROSSING
50.849449,43.2937,HERTOGINBRABANT
50.870793,43.4355,POESJKIN
50.868904,43.96128,KURTH
50.859711,44.1497,PADUWA
50.890541,43.36561,HOUBA-BRUGMANN
50.864559,43.81105,CROSSING
50.864222,44.1871,BEGR.VANBRUSSEL
50.792197,44.19611,INTERNAT.SCHOOL
50.867166,44.05886,EVERESHOPPING
50.870748,44.1876,JULESBORDET
50.794104,44.18493,VIJVERSBOSVOORDE
50.868643,43.99693,CONSCIENCE
50.881716,44.16924,SABCA
50.79396,44.1794,VIJVERSBOSVOORDE
50.8706,44.06414,PERMEKE
50.884148,44.21197,MIDDELWEG
50.824183,43.85896,DELPORTE
50.866789,44.04749,EVERESHOPPING
50.865371,44.22078,DUIVELTJES
50.821675,43.88989,ETTERBEEKSTATION
50.862596,43.8094,AZALEA
50.856815,43.90652,VADERLAND
50.817854,43.92422,THYS
50.863443,44.10272,DUNANT
50.858317,43.84603,WELDOENERS
50.809616,44.03442,KEYM
50.866394,44.03939,EVERESHOPPING
50.858308,43.84134,WELDOENERS
50.802583,44.12501,DRIELINDEN
50.860641,44.03679,PAULLEDUC
50.859441,43.77857,WIJNHEUVELEN
50.802617,44.18772,KERSEBOOMGAARD
50.868086,43.98201,CONSCIENCE
50.877382,44.19548,RAKET
50.798643,44.19774,WIENER
50.819024,43.80329,BUYL
50.836172,43.38154,ZUIDSTATION
50.802779,44.18474,KERSEBOOMGAARD
50.838945,43.61604,NAAMSEPOORT
50.895474,43.88007,PETERBENOIT
50.801545,44.22132,VALKERIJ
50.835086,43.63978,ST-BONIFAASWIJK
50.89405,43.89192,OORLOGSKRUISEN
50.802745,44.1287,DRIELINDEN
50.815966,43.90704,BEGR.VANELSENE
50.886347,43.78544,HEEMBEEK
50.80539,44.06772,VANDERELST
50.817709,43.95984,FRAITEUR
50.894152,43.89226,OORLOGSKRUISEN
50.81003,44.03172,KEYM
50.828095,43.71179,FLAGEY
50.847651,43.6355,TREURENBERG
50.812046,43.92405,PLEISTERPLAATS
50.809849,44.43453,ADEPS
50.857679,43.84461,WELDOENERS
50.827537,43.81838,RODIN
50.817871,43.96111,FRAITEUR
50.87177,44.03872,HOEDEMAEKERS
50.838181,43.72827,LUXEMBURG
50.815984,43.90604,BEGR.VANELSENE
50.862497,43.80542,AZALEA
50.8257,43.97833,ARSENAAL
50.813899,43.84459,ULB
50.874341,44.03888,OUD-KAPELLEKE
50.810899,44.11502,MEIKEVERS
50.82369,43.73961,VIJVERSELSENE
50.867563,44.0134,STATIONEVERE
50.810914,44.18795,TRITOMA
50.82823,43.71151,FLAGEY
50.861096,44.12542,GUILLAUME
50.810869,44.18468,TRITOMA
50.827061,42.88346,FRANSHALS
50.859324,44.15637,PADUWA
50.81282,44.17406,VISSERIJ
50.826188,42.8619,VIVES-PARK
50.855561,44.28543,GULLEDELLE
50.795271,43.18735,STALLE(P)
50.834182,43.04929,SINT-GUIDO
50.842487,43.5897,KONING
50.856889,44.13007,MOMMAERTS
50.915207,44.21094,VIERFONTEINEN
50.827324,43.71906,FLAGEY
50.86074,44.03906,PAULLEDUC
50.823802,43.10464,VAARTDIJK
50.813926,43.84942,ULB
50.85609,42.89959,BEGRAAFPLAATSEN
50.860542,44.04673,PAULLEDUC
50.82414,43.73435,VIJVERSELSENE
50.856278,42.89902,BEGRAAFPLAATSEN
50.848238,43.95036,JAMBLINNEDEMEUX
50.816744,44.05058,DELTA
50.86025,42.88191,MARICOLLEN
50.829214,42.81586,NEERPEDE
50.815971,44.07505,BEAULIEU
50.856709,43.02967,TIJM
50.857622,43.98493,LEOPOLDIII
50.815284,43.83736,JOHANNA
50.855632,43.06249,CANDRIES
50.859086,44.01334,FRANSCOURTENS
50.813181,44.33909,MASSARTTUIN
50.863333,42.86893,BROEK
50.860595,44.05199,PAULLEDUC
50.811452,44.39695,ROODKLOOSTER
50.821865,43.63586,WASHINGTON
50.863775,44.1398,EENBOOM
50.812342,44.38604,ROODKLOOSTER
50.799553,43.58567,STERRENWACHT
50.861978,44.09319,OPTIMISME
50.816111,44.16345,RODENBERG
50.886506,43.41609,STUYVENBERGH
50.832158,43.25032,TWEESTATIONS
50.816381,44.15721,RODENBERG
50.867465,43.3608,BELGICA
50.823468,43.08548,VAARTDIJK
50.818237,44.04285,DELTA
50.865946,43.38822,VANDERSTICHELEN
50.820529,43.08197,ARBEID
50.820853,43.76617,GEOBERNIER
50.860221,43.40881,RIBAUCOURT
50.810288,43.0516,MOZART
50.827754,43.71676,FLAGEY
50.822287,43.53339,MACAMPAGNE
50.810729,43.05499,MOZART
50.827754,43.7169,FLAGEY
50.809808,43.45455,MESSIDOR
50.824377,43.09924,VAARTDIJK
50.882663,43.21959,FERNANDEVOLRAL
50.803308,43.41358,HELDEN
50.854515,44.14539,CARINA
50.825783,42.85368,VIVES-PARK
50.876747,44.12529,DAVINCI
50.84845,44.28619,MOONENS
50.863368,44.18752,BEGR.VANBRUSSEL
50.876787,44.11827,DAVINCI
50.836831,43.87349,LEMAN
50.823973,43.10747,VAARTDIJK
50.876145,44.1044,DAVINCI
50.83676,43.86455,LEMAN
50.859167,44.0115,FRANSCOURTENS
50.791229,43.68303,ALPHONSEXIII
50.849057,44.17146,HEYDENBERG
50.829469,42.8583,VANHELLEMONT
50.794599,43.56511,LANCASTER
50.852396,44.09495,KOLONELBOURG
50.829349,42.81742,NEERPEDE
50.794752,43.52568,THEVENET
50.854704,44.15206,CARINA
50.833206,42.82487,SIBELIUS
50.807578,43.44131,BOETENDAEL
50.853929,44.18145,PLEJADEN
50.831225,42.90057,SCHERDEMAAL
50.810843,43.46215,MESSIDOR
50.860181,43.0688,VANZANDE
50.829451,42.86071,VANHELLEMONT
50.818961,43.5134,DARWIN
50.858672,43.13261,BEGR.MOLENBEEK
50.813705,43.07014,BOLLINCKX
50.866207,43.38439,VANDERSTICHELEN
50.85819,43.16563,KARREVELD
50.813408,43.07128,BOLLINCKX
50.877973,43.32833,ONTMIJNERS
50.86767,42.93704,ALCYONS
50.816699,43.07634,INTERNATIONAAL
50.824088,43.26841,WIELS
50.873514,42.95044,EILANDENHOUT
50.830575,43.20065,KLEINEILAND
50.866659,42.87128,AZUUR
50.862808,42.99667,GENOT
50.816204,43.07848,INTERNATIONAAL
50.86716,42.75414,GROOT-BIJGAARDEN
50.803083,43.42578,HELDEN
50.858911,44.1362,PADUWA
50.863488,43.25287,BESME
50.803083,43.41826,HELDEN
50.848423,44.28846,MOONENS
50.819574,43.2554,UNION
50.868276,43.16077,H.HARTCOLLEGE
50.850347,44.27968,HEILIGEFAMILIE
50.81194,43.19148,VORSTCENTRUM
50.857072,43.32195,ZWARTEVIJVERS
50.85516,44.20888,STEENBOK
50.824206,43.31127,BERTHELOT
50.869363,43.10688,BEECKMANS
50.854016,44.18262,PLEJADEN
50.867042,42.81318,HUNDERENVELD
50.876065,43.07245,NEUBERGER
50.852548,44.09566,KOLONELBOURG
50.867115,43.13479,H.HARTCOLLEGE
50.874641,42.99873,CHOPIN
50.850669,44.1134,FEBRUARI
50.866722,42.86958,AZUUR
50.891014,43.25347,PATTIJN
50.850158,44.27954,HEILIGEFAMILIE
50.822187,43.88819,ETTERBEEKSTATION
50.859879,43.41212,RIBAUCOURT
50.848128,44.24714,VERHEYLEWEGHEN
50.811392,43.61586,GOSSART
50.893776,43.3211,STADION
50.837471,43.8028,JOURDAN
50.812147,43.52676,CHURCHILL
50.889903,43.3696,HOUBA-BRUGMANN
50.83625,43.79636,JOURDAN
50.812039,43.53087,CHURCHILL
50.885316,43.2963,CROCQ
50.85688,44.12695,MOMMAERTS
50.836827,44.34906,BRONNENPARK
50.871072,43.44076,POESJKIN
50.869581,42.91958,BERCHEM-SHOPPING
50.811401,43.58465,CAVELL
50.87252,42.8984,STATIONBERCHEM
50.869625,42.91895,BERCHEM-SHOPPING
50.811977,43.67858,LONGCHAMP
50.790516,44.20068,KATTENBERG
50.86679,42.94558,ALCYONS
50.822385,43.89373,ETTERBEEKSTATION
50.812742,44.1051,VOORN
50.86185,43.01611,GENOT
50.819997,43.83243,ROFFIAEN
50.815413,44.08214,BEAULIEU
50.854237,43.23407,BEEKKANT
50.824533,43.93504,VUB
50.811774,44.01045,BRILJANT
50.856689,43.17397,KARREVELD
50.819305,44.29092,VORSTRONDPUNT
50.827285,43.81952,RODIN
50.861042,43.04376,VANZANDE
50.824976,44.31867,EMPAIN
50.805201,44.06701,VANDERELST
50.87042,42.91341,BERCHEM-SHOPPING
50.832276,44.32445,TRAMMUSEUM
50.787402,44.22597,JACHTSTOET
50.870599,42.91199,BERCHEM-SHOPPING
50.860596,44.0152,PENTATHLON
50.798625,44.20498,WIENER
50.893633,43.20188,DEHEYN
50.83142,44.32911,TRAMMUSEUM
50.809495,44.16849,AARTSHERTOGEN
50.857531,43.34084,ZWARTEVIJVERS
50.825454,42.98142,BIZET
50.813198,44.17236,VISSERIJ
50.876344,43.06662,NEUBERGER
50.865454,43.85088,LOUISBERTRAND
50.814222,44.19678,KLEINEWIJNGAARD
50.870674,43.11571,SORENSEN
50.856759,43.97583,LEOPOLDIII
50.856891,44.08249,RTLHOUSE
50.869204,43.10398,BEECKMANS
50.826411,43.97181,ARSENAAL
50.794434,43.19624,STALLE(P)
50.87563,43.00142,CHOPIN
50.868933,43.84692,PAULBRIEN-ZKH.
50.795111,43.18803,STALLE(P)
50.877186,43.01063,GANSHOREN-SPORT
50.861129,43.91336,CHAZAL
50.849635,43.28818,HERTOGINBRABANT
50.865071,43.2834,ELISABETHPARK
50.87815,44.09944,BORDETSTATION
50.849457,43.30322,HERTOGINBRABANT
50.878093,43.47908,BOCKSTAEL
50.826837,43.64068,BALJUW
50.860098,42.88077,MARICOLLEN
50.875855,43.48193,BOCKSTAEL
50.832985,43.57751,STEFANIA
50.855239,42.95158,ELBERS
50.879855,43.47609,STATIONBOCKSTAEL
50.818926,43.70739,ABDIJ
50.796415,43.56709,MERCURIUS
50.879738,43.47908,STATIONBOCKSTAEL
50.810501,43.85849,SOLBOS
50.870424,43.34721,ODONWARLAND
50.871043,43.12039,SORENSEN
50.806384,43.87635,MARIE-JOSE
50.861254,43.383,JUBELFEEST
50.872616,43.13103,NEREUS
50.802634,43.90584,BRAZILIE
50.829515,43.5585,FAIDER
50.878248,43.04045,HETVEROOST
50.801169,43.93449,BOONDAALSTATION
50.815718,43.49216,MOLIERE
50.874242,43.10189,LOWET
50.796294,44.01659,LIEVEHEERSB.
50.794725,43.5244,THEVENET
50.873874,42.94405,EILANDENHOUT
50.795733,44.13573,DELLEUR
50.794671,43.57873,LANCASTER
50.893405,43.19125,DEHEYN
50.811881,44.2782,HERRMANN-DEBROUX
50.79104,43.6895,ALPHONSEXIII
50.891131,43.25105,PATTIJN
50.801438,43.93009,BOONDAALSTATION
50.876181,44.10766,DAVINCI
50.872676,42.90261,STATIONBERCHEM
50.79814,44.18256,WIENER
50.874586,44.13341,DAVINCI
50.896429,43.35858,HEIZEL
50.79567,44.12949,DELLEUR
50.791238,43.68197,ALPHONSEXIII
50.896021,43.27105,AMETHIST
50.797015,43.97063,RENBAANBOSVOORDE
50.794105,43.66354,SINT-JOBPLEIN
50.884735,43.43898,SOBIESKI
50.810834,43.85835,SOLBOS
50.803658,43.41653,HELDEN
50.894019,43.32238,STADION
50.829416,43.61541,DEFACQZ
50.822503,43.53595,MACAMPAGNE
50.792179,44.1937,INTERNAT.SCHOOL
50.834663,44.21915,JULIUSCAESAR
50.830054,43.56105,FAIDER
50.811909,44.01854,BRILJANT
50.82784,44.38996,DEVILLALOBAR
50.830045,43.56076,FAIDER
50.812313,44.04749,TERCOIGNE
50.845317,44.7354,DEBURBURE
50.833556,43.57177,STEFANIA
50.813685,44.14881,BERENSHEIDE
50.845841,44.79761,SCHONELUCHT
50.867752,43.35611,BELGICA
50.814776,44.03204,MICHIELS
50.84681,44.91264,BEEK
50.87088,43.34657,ODONWARLAND
50.829929,43.7866,MOUTERIJ
50.844993,44.99935,TERMEEREN
50.861667,43.38228,JUBELFEEST
50.811687,43.93043,PLEISTERPLAATS
50.84529,44.99695,TERMEEREN
50.823845,43.25919,WIELS
50.810238,43.97015,ARCADEN
50.846828,44.90782,BEEK
50.86665,42.87285,AZUUR
50.801357,44.22388,VALKERIJ
50.842397,45.02451,BAN-EIK
50.817165,43.2523,KASTANJES
50.796612,44.17673,DIABOLO
50.844605,44.65019,VRIENDSCHAP
50.823683,43.26075,WIELS
50.796333,44.17673,DIABOLO
50.836834,44.11412,GJMARTIN
50.820671,43.25908,UNION
50.799796,44.14442,MIRAVAL
50.844774,44.67008,WILDEROZEN
50.817372,43.25386,KASTANJES
50.800227,44.14017,MIRAVAL
50.844783,44.66496,WILDEROZEN
50.824878,43.2633,WIELS
50.798535,44.19065,WIENER
50.827387,44.44659,MADOUX
50.824878,43.26316,WIELS
50.798688,44.19164,WIENER
50.835083,44.27821,GROENEHOND
50.811535,43.18751,VORSTCENTRUM
50.81049,43.9676,ARCADEN
50.83496,44.20425,JULIUSCAESAR
50.863892,43.24406,BESME
50.81753,43.92634,THYS
50.836239,44.15443,LEOPOLDII
50.865288,42.92926,VEREMAN
50.8219,43.88876,ETTERBEEKSTATION
50.837598,44.12094,GJMARTIN
50.865279,42.92912,VEREMAN
50.824345,43.85783,DELPORTE
50.818474,44.50647,OUDERGEM-WOUD
50.867151,42.7479,GROOT-BIJGAARDEN
50.829272,43.79696,MOUTERIJ
50.818892,44.57204,VERBRANDENDREEF
50.866731,42.86858,AZUUR
50.810748,44.07132,OTTERVANGER
50.820296,44.76975,VIERARMEN
50.824182,43.27395,WIELS
50.810259,44.16127,AARTSHERTOGEN
50.829965,43.69547,MUSEUMVANELSENE
50.814979,43.67815,BASCULE
50.811007,44.1119,MEIKEVERS
50.818973,44.57374,VERBRANDENDREEF
50.811923,43.67234,LONGCHAMP
50.810757,44.07004,OTTERVANGER
50.818609,44.50335,OUDERGEM-WOUD
50.811805,43.54662,CHURCHILL
50.864192,44.03284,GENEVE
50.822144,44.4746,DRIEKLEUREN
50.81168,43.55358,CHURCHILL
50.857268,44.08122,RTLHOUSE
50.891291,43.68867,BRAAMBOSJES
50.840564,44.36723,VOOT
50.86283,42.87575,BROEK
50.888468,43.75248,HEEMBEEK
50.844597,44.38395,WOLUWESHOPPING
50.85543,42.98708,HOOGBOSCH
50.871388,43.75288,VERBOEKHOVEN
50.844246,44.38232,WOLUWESHOPPING
50.855484,42.98467,HOOGBOSCH
50.869258,43.70997,PAVILJOEN
50.814988,43.68213,BASCULE
50.855293,42.94973,ELBERS
50.826901,43.27151,ORBAN
50.816489,43.77479,TERKAMEREN-STER
50.796829,43.5651,MERCURIUS
50.809901,43.17548,SINT-DENIJS
50.826578,43.97745,ARSENAAL
50.799876,43.58382,STERRENWACHT
50.800828,43.17514,NEERSTALLE
50.832329,44.32587,TRAMMUSEUM
50.799526,43.5773,STERRENWACHT
50.796326,43.21178,KRUISPUNTSTALLE
50.832276,44.32445,TRAMMUSEUM
50.838892,43.63073,NAAMSEPOORT
50.790885,43.17808,RODTS
50.867644,44.0286,EVERESHOPPING
50.886299,43.41538,STUYVENBERGH
50.871379,43.75217,VERBOEKHOVEN
50.871868,44.06657,LEKAERTS
50.87764,43.32876,ONTMIJNERS
50.869591,43.6719,STEPHENSON
50.866727,44.02505,EVERESHOPPING
50.874163,43.33773,WOESTE
50.82727,43.27492,ORBAN
50.860471,44.01548,PENTATHLON
50.867474,43.36065,BELGICA
50.879173,43.74834,DOCKSBRUXSEL
50.819207,44.28652,VORSTRONDPUNT
50.865946,43.38822,VANDERSTICHELEN
50.879569,43.74806,DOCKSBRUXSEL
50.815981,44.25924,OUDERGEM-SHOP.
50.860212,43.40871,RIBAUCOURT
50.878903,43.7669,DOCKSBRUXSEL
50.883341,43.3884,DUYSBURGH
50.858981,43.44891,SAINCTELETTE
50.865689,43.64534,THOMAS
50.825126,42.97987,BIZET
50.833327,43.57041,STEFANIA
50.871128,43.76282,VERBOEKHOVEN
50.878941,44.09945,BORDETSTATION
50.832607,43.568,STEFANIA
50.881268,43.73598,VANPRAET
50.878788,44.10101,BORDETSTATION
50.829515,43.5585,FAIDER
50.88881,43.74978,HEEMBEEK
50.862532,43.86934,HELIOTROPEN
50.818151,43.50715,DARWIN
50.891543,43.68341,BRAAMBOSJES
50.85675,43.97569,LEOPOLDIII
50.80664,43.43477,BOETENDAEL
50.875935,43.92836,LINDE
50.877411,43.79423,SCHAARBEEKSTAT.
50.795614,43.48908,DIEWEG
50.870156,43.82107,WAELHEM
50.868016,43.85345,PAULBRIEN-ZKH.
50.793665,43.66567,SINT-JOBPLEIN
50.816262,43.39974,MOLIERE-LONGCHAMP
50.878119,43.80221,SCHAARBEEKSTAT.
50.791094,43.68695,ALPHONSEXIII
50.812854,43.38628,COGHEN
50.866749,43.85387,LOUISBERTRAND
50.876145,44.10823,DAVINCI
50.810319,43.37566,ROOSENDAEL
50.872251,43.79834,DEMOLDER
50.876811,44.14724,DAVINCI
50.786916,43.29639,HORZEL
50.878438,44.09788,BORDETSTATION
50.874913,44.12669,DAVINCI
50.804197,43.3669,XAVIERDEBUE
50.878456,44.09817,BORDETSTATION
50.803542,43.41571,HELDEN
50.818968,43.41236,TIMMERMANS
50.878141,44.09916,BORDETSTATION
50.816533,43.49794,MOLIERE
50.871927,43.84977,SCHAARBEEK.HAARD
50.814061,43.84119,ULB
50.832778,43.5697,STEFANIA
50.876949,44.00835,VREDE
50.801169,43.93449,BOONDAALSTATION
50.859349,43.44522,SAINCTELETTE
50.89543,44.02952,CERES
50.796898,43.97475,RENBAANBOSVOORDE
50.860418,43.40473,RIBAUCOURT
50.796219,43.24185,EGIDEVANOPHEM
50.795447,44.07814,BOSVOORDESTATION
50.866198,43.3841,VANDERSTICHELEN
50.795961,43.2017,KRUISPUNTSTALLE
50.800907,44.22359,VALKERIJ
50.867743,43.35639,BELGICA
50.796751,43.29048,WAGEN
50.801438,43.93009,BOONDAALSTATION
50.8752,43.33587,WOESTE
50.796311,43.23759,EGIDEVANOPHEM
50.795573,44.07147,BOSVOORDESTATION
50.866952,42.81744,HUNDERENVELD
50.882229,43.84483,ALBERTBRUG
50.799463,43.79178,GENDARMEN
50.865359,42.92486,VEREMAN
50.888744,43.96438,SPOORWEG
50.802859,43.90385,BRAZILIE
50.865323,42.92571,VEREMAN
50.895385,44.03336,CERES
50.819834,43.70512,ABDIJ
50.824125,43.30971,BERTHELOT
50.885437,43.9041,MONNOYER
50.824108,43.66996,VLEURGAT
50.865427,43.18808,BOSSAERT-BASILIEK
50.855792,43.67006,GILLON
50.8155,43.83566,JOHANNA
50.824332,43.3073,BERTHELOT
50.842637,43.95658,RIDDERSCHAP
50.827628,43.63358,BALJUW
50.82436,43.35499,ROCHEFORT
50.842763,43.95899,RIDDERSCHAP
50.830988,43.89874,DEJACHT
50.824369,43.35499,ROCHEFORT
50.838807,43.3705,BARA
50.836753,44.1154,GJMARTIN
50.82425,43.29964,BERTHELOT
50.852014,43.16947,JOSEPHBAECK
50.831131,44.51677,BOSSTRAAT
50.810537,43.17971,SINT-DENIJS
50.855826,43.16659,MENNEKENS
50.834696,44.56609,LUCHTVAART
50.865561,43.18406,BOSSAERT-BASILIEK
50.875408,44.10155,FERNANDLEGER
50.846286,44.84263,LOUISMARCELIS
50.81968,43.81652,ROFFIAEN
50.877572,43.51034,MOORSLEDE
50.845335,44.73043,DEBURBURE
50.816372,43.76301,TERKAMEREN-STER
50.824156,43.50302,MORIS
50.844614,44.64508,VRIENDSCHAP
50.811554,43.56734,CAVELL
50.828284,43.72031,FLAGEY
50.838098,44.6316,SCHERMKUNST
50.837131,44.35076,BRONNENPARK
50.829892,43.86637,SINT-ANTOONKERK
50.829785,43.69746,MUSEUMVANELSENE
50.839505,44.35861,VOOT
50.83727,43.96066,ST-PIETERSPLEIN
50.900108,43.48126,ESPLANADE
50.847523,44.36331,ROODEBEEK
50.837081,43.95711,ST-PIETERSPLEIN
50.881583,43.733,VANPRAET
50.847593,44.369,ROODEBEEK
50.828028,43.75196,GIST
50.806398,43.14093,MAXWALLER
50.811455,43.63275,GOSSART
50.868934,43.62772,MASUI
50.798779,43.19374,MERLO
50.811977,43.67858,LONGCHAMP
50.87737,43.49118,BOCKSTAEL
50.796326,43.21178,KRUISPUNTSTALLE
50.81506,43.68552,BASCULE
50.86079,43.71323,ROBIANO
50.785857,43.1803,DROGENBOS
50.824739,43.94029,VUB
50.85623,43.91249,VADERLAND
50.855891,43.66991,GILLON
50.816286,44.26179,OUDERGEM-SHOP.
50.818079,43.46047,BERKENDAAL
50.869914,43.71608,PAVILJOEN
50.823988,44.31525,EMPAIN
50.868269,43.75472,EENENS
50.790023,43.18206,RODTS
50.831884,44.32601,TRAMMUSEUM
50.86639,43.75017,POGGE
50.879173,43.74834,DOCKSBRUXSEL
50.87886,44.09987,BORDETSTATION
50.86639,43.75017,POGGE
50.8937,43.62556,ARAUCARIA
50.878788,44.10101,BORDETSTATION
50.850416,43.64237,CONGRES
50.876904,44.00878,VREDE
50.871801,43.80544,DEMOLDER
50.850416,43.64237,CONGRES
50.873428,43.86924,HELMET
50.860428,43.93069,CHAZAL
50.843692,43.6073,PALEIZEN
50.871653,43.84367,SCHAARBEEK.HAARD
50.829295,44.02321,PETILLON
50.841561,43.58516,KONING
50.895399,43.56785,DEWAND
50.877411,43.79423,SCHAARBEEKSTAT.
50.843827,43.60929,PALEIZEN
50.873501,43.8695,HELMET
50.829546,44.02804,PETILLON
50.855891,43.6719,GILLON
50.873992,43.8762,HELMET
50.857047,43.97456,LEOPOLDIII
50.86426,43.73511,ST-SERVAASKERK
50.818572,43.40952,TIMMERMANS
50.863513,43.85826,HELIOTROPEN
50.866606,43.75486,POGGE
50.784768,43.28336,CREMATORIUM
50.828607,43.6228,DEFACQZ
50.866606,43.75486,POGGE
50.80061,43.3648,GLOBE
50.814061,43.84119,ULB
50.881178,43.73783,VANPRAET
50.816566,43.36214,HOOGTEHONDERD
50.82298,43.68042,VLEURGAT
50.856808,43.69349,MIDDAGLIJN
50.799522,43.36495,GLOBE
50.802634,43.90584,BRAZILIE
50.858974,43.69732,SINT-MARIA
50.799531,43.36466,GLOBE
50.798194,44.18753,WIENER
50.858169,43.68372,SINT-MARIA
50.810058,43.37566,ROOSENDAEL
50.801015,44.22699,VALKERIJ
50.814348,43.4751,VANDERKINDERE
50.787123,43.29824,HORZEL
50.797123,43.94944,RENBAANBOSVOORDE
50.825451,43.54346,JANSON
50.871499,44.06216,LEKAERTS
50.811647,44.27621,HERRMANN-DEBROUX
50.840303,43.67119,TROON
50.903895,44.12156,AQUIRIS
50.796555,44.00212,LIEVEHEERSB.
50.853715,43.6577,KRUIDTUIN
50.881474,43.82494,ALBERTBRUG
50.802868,43.904,BRAZILIE
50.79958,43.76341,MONTANA
50.885509,43.89984,MONNOYER
50.806653,43.87677,MARIE-JOSE
50.846496,43.59381,CENTRAALSTATION
50.79622,43.24184,EGIDEVANOPHEM
50.813657,43.84332,ULB
50.845894,43.5701,CENTRAALSTATION
50.796832,43.29461,WAGEN
50.833183,43.57651,STEFANIA
50.848712,44.01753,DIAMANT
50.795966,43.20384,KRUISPUNTSTALLE
50.836257,44.1523,LEOPOLDII
50.821838,43.6282,WASHINGTON
50.795942,43.20812,KRUISPUNTSTALLE
50.835002,44.28247,GROENEHOND
50.849234,44.0154,DIAMANT
50.794272,43.12968,EGGERGAT
50.827135,44.44942,MADOUX
50.872997,43.78115,PRINS.ELISABETH
50.795128,43.15945,EGGERGAT
50.838718,44.63999,SCHERMKUNST
50.839184,43.99971,MERODE
50.901505,44.08885,RECHTEROEVER
50.846268,44.84802,LOUISMARCELIS
50.843737,43.78322,MAALBEEK
50.834295,43.93381,ACACIA
50.842114,45.02611,BAN-EIK
50.857234,43.32479,ZWARTEVIJVERS
50.834115,43.93126,ACACIA
50.845869,44.79264,SCHONELUCHT
50.832846,44.01926,THIEFFRY
50.852987,43.73581,HOUWAERT
50.834894,44.56936,LUCHTVAART
50.896813,43.29876,KONINGBOUDEWIJN
50.852825,43.78168,STEURS
50.830978,44.51379,BOSSTRAAT
50.830337,43.01111,VEEWEIDE
50.853948,43.80753,FUSS
50.827858,44.38684,DEVILLALOBAR
50.878901,43.42438,JACOBSFONTAINE
50.853921,43.8328,CLAYS
50.821865,44.47474,DRIEKLEUREN
50.853991,43.42195,VLAAMSEPOORT
50.84502,43.95104,WAPPERS
50.81981,44.67423,DUIVENSCHIETING
50.850667,43.38989,NINOOFSEPOORT
50.846809,43.93402,JAMBLINNEDEMEUX
50.820449,44.76777,VIERARMEN
50.857525,43.4867,IJZER
50.84484,43.95358,WAPPERS
50.819863,44.67693,DUIVENSCHIETING
50.850353,43.38531,NINOOFSEPOORT
50.84706,43.9326,JAMBLINNEDEMEUX
50.895098,43.57463,DEWAND
50.853685,43.41809,VLAAMSEPOORT
50.849111,43.89839,ARDENSEJAGERS
50.892871,43.63956,ARAUCARIA
50.867911,43.26561,BROUSTIN
50.853517,43.80696,FUSS
50.865348,43.62872,THOMAS
50.839326,43.2954,RAAD
50.852933,43.77799,STEURS
50.798779,43.19388,MERLO
50.830357,42.96602,YSAYE
50.824336,43.47222,LOMBARDIJE
50.793224,43.20302,KEYENBEMPT
50.868309,43.26364,BROUSTIN
50.849327,43.8565,LUTHER
50.785581,43.18164,DROGENBOS
50.871221,43.24418,SPIEGEL
50.875478,43.53792,PRINS.CLEMENTINA
50.787442,43.174,GROTEBAAN
50.78962,43.73829,FORT-JACO
50.831452,43.345,KONINGSLAAN
50.787739,43.17542,GROTEBAAN
50.875827,43.92352,LINDE
50.829955,43.79824,MOUTERIJ
50.793422,43.20543,KEYENBEMPT
50.859168,43.6915,SINT-MARIA
50.877132,43.53791,PRINS.CLEMENTINA
50.799112,43.19416,MERLO
50.811503,43.62079,GOSSART
50.829852,43.86154,SINT-ANTOONKERK
50.799094,43.19416,MERLO
50.811347,43.62714,GOSSART
50.829919,43.79554,MOUTERIJ
50.827279,43.27477,ORBAN
50.840458,43.40812,LEMONNIER
50.81194,43.53045,CHURCHILL
50.878679,43.7712,DOCKSBRUXSEL
50.815564,43.7176,LEGRAND
50.81185,43.54932,CHURCHILL
50.869555,43.71338,PAVILJOEN
50.830021,44.02957,PETILLON
50.829907,43.3805,BETHLEHEM
50.900459,43.48084,ESPLANADE
50.850095,43.52165,DEBROUCKERE
50.877518,43.5031,MOORSLEDE
50.791986,43.32798,UKKELKALEVOET
50.846679,43.58551,CENTRAALSTATION
50.878928,43.42935,JACOBSFONTAINE
50.791821,43.32703,UKKELKALEVOET
50.846349,43.58776,CENTRAALSTATION
50.83183,43.33762,KONINGSLAAN
50.781131,43.26095,VANHAELEN
50.845688,43.62979,PARK
50.869168,43.62516,MASUI
50.784264,43.27968,CREMATORIUM
50.845333,43.6962,KUNST-WET
50.856167,43.91746,VADERLAND
50.788856,43.33542,ENGELAND
50.842972,43.80974,SCHUMAN
50.856734,43.91036,VADERLAND
50.807235,43.36844,BENS
50.842756,43.81829,SCHUMAN
50.835673,43.55167,LOUIZA
50.807469,43.36801,BENS
50.842506,44.18288,GRIBAUMONT
50.837219,43.53264,POELAERT
50.810714,43.37778,ROOSENDAEL
50.847439,44.47303,VANDERVELDE
50.839354,43.55459,KLEINEZAVEL
50.809636,43.37297,ROOSENDAEL
50.849991,44.534,ALMA
50.839637,43.55804,KLEINEZAVEL
50.813241,43.38827,COGHEN
50.848478,44.58929,KRAAINEM
50.841545,43.58548,KONING
50.812899,43.38628,COGHEN
50.841872,44.64541,STOKKEL
50.850677,43.64478,CONGRES
50.816971,43.36994,HOOGTEHONDERD
50.841855,44.64405,STOKKEL
50.850686,43.64435,CONGRES
50.813304,43.38855,COGHEN
50.827461,44.03987,PETILLON
50.856062,43.67219,GILLON
50.816405,43.40144,MOLIERE-LONGCHAMP
50.821592,44.05618,HANKAR
50.881383,43.74005,VANPRAET
50.870057,43.81496,WAELHEM
50.820888,44.05382,HANKAR
50.819878,43.594,LEPOUTRE
50.874138,43.8772,HELMET
50.81505,44.09977,BEAULIEU
50.858093,43.68113,SINT-MARIA
50.875809,43.92352,LINDE
50.813192,44.2192,DEMEY
50.859442,43.6817,SINT-MARIA
50.876937,44.00669,VREDE
50.812195,44.28503,HERRMANN-DEBROUX
50.86008,43.71124,ROBIANO
50.901712,44.08686,RECHTEROEVER
50.812243,44.29236,HERRMANN-DEBROUX
50.860305,43.71337,ROBIANO
50.889409,43.97078,SPOORWEG
50.852347,43.47749,SINT-KATELIJNE
50.814339,43.48376,VANDERKINDERE
50.812101,43.18835,VORSTCENTRUM
50.8519,43.48012,SINT-KATELIJNE
50.813378,43.48149,VANDERKINDERE
50.796823,43.29475,WAGEN
50.854968,43.40056,GRAAFVANVLAAND.
50.825964,43.54644,JANSON
50.79593,43.20966,KRUISPUNTSTALLE
50.857096,43.32019,ZWARTEVIJVERS
50.853704,43.65987,KRUIDTUIN
50.796742,43.2905,WAGEN
50.840813,43.66354,TROON
50.799589,43.76795,MONTANA
50.796318,43.23759,EGIDEVANOPHEM
50.841001,43.66499,TROON
50.84593,43.57791,CENTRAALSTATION
50.903499,44.12256,AQUIRIS
50.836273,43.38161,ZUIDSTATION
50.848802,44.01668,DIAMANT
50.853893,43.16207,MENNEKENS
50.845157,43.24325,DELACROIX
50.849117,44.01611,DIAMANT
50.851744,43.16905,JOSEPHBAECK
50.844982,43.24744,DELACROIX
50.873132,43.76993,PRINS.ELISABETH
50.861275,43.67545,LEFRANCQ
50.849014,43.2149,WESTSTATION
50.843551,43.78072,MAALBEEK
50.849255,43.89456,ARDENSEJAGERS
50.848922,43.21442,WESTSTATION
50.813187,44.22657,DEMEY
50.853903,43.83962,CLAYS
50.85399,43.65557,KRUIDTUIN
50.81262,44.23124,DEMEY
50.85385,43.73155,BOSSUET
50.855412,43.58416,ROGIER
50.84135,44.65339,STOKKEL
50.854551,43.68894,DWARSSTRAAT
50.857321,43.51197,IJZER
50.842824,44.24807,TOMBERG
50.8615,43.67559,LEFRANCQ
50.860406,43.39753,RIBAUCOURT
50.829745,43.00692,VEEWEIDE
50.824474,43.46856,LOMBARDIJE
50.825167,42.97643,BIZET
50.899681,43.48488,ESPLANADE
50.830132,43.37425,BETHLEHEM
50.829611,43.00732,VEEWEIDE
50.878981,43.38516,JETSEHAARD
50.827628,43.6729,DAUTZENBERG
50.839462,43.12081,AUMALE
50.879241,43.34722,KERKH.VANJETTE
50.828128,43.41869,WILLEMTELL
50.839675,43.12518,AUMALE
50.857741,43.48783,IJZER
50.868871,43.62104,MASUI
50.85685,43.25246,OSSEGEM
50.848003,43.38123,ARTSETMETIERS
50.830431,43.89192,DEJACHT
50.86312,43.30479,SIMONIS
50.847602,43.37914,ARTSETMETIERS
50.828028,43.75196,GIST
50.889549,43.37629,HOUBA-BRUGMANN
50.845082,43.38906,ANDERLECHTSEPOORT
50.824363,43.50784,MORIS
50.8896,43.37736,HOUBA-BRUGMANN
50.844281,43.39209,ANDERLECHTSEPOORT
50.828712,43.40733,WILLEMTELL
50.897198,43.35515,HEIZEL
50.838915,43.37476,BARA
50.883144,43.41753,PRINSLEOPOLD
50.896371,43.28009,KONINGBOUDEWIJN
50.853179,43.31389,ZEEPZIEDERIJ
50.876999,43.54656,PRINS.CLEMENTINA
50.896415,43.38161,HEIZEL
50.856013,43.38104,GRAAFVANVLAAND.
50.876997,43.54658,PRINS.CLEMENTINA
50.852574,43.69306,QUETELET
50.867911,43.26561,BROUSTIN
50.867047,43.63752,THOMAS
50.83677,44.98038,MARMOT
50.839317,43.2954,RAAD
50.867119,43.63786,THOMAS
50.853183,43.86873,DAILLY
50.836115,43.14685,DOVER
50.852119,43.87783,BRABANCONNE
50.870901,44.18774,JULESBORDET
50.868138,43.2648,BROUSTIN
50.851759,43.87243,BRABANCONNE
50.822709,44.9949,BRUSSELSESTEENWEG
50.871282,43.24371,SPIEGEL
50.861404,43.68416,LEFRANCQ
50.829875,45.1342,TERVURENSTATION
50.880128,43.30471,STATIONJETTE
50.859495,43.77218,WIJNHEUVELEN
50.853434,45.00712,VIERHUISKENS
50.794483,43.62255,STATIONSINT-JOB
50.857715,43.83779,WELDOENERS
50.921031,44.06413,MINNEMOLEN
50.794411,43.61518,STATIONSINT-JOB
50.817656,43.4616,BERKENDAAL
50.921057,44.093,MINNEMOLEN
50.864251,43.73511,ST-SERVAASKERK
50.861626,43.67787,LEFRANCQ
50.91417,43.97798,VTM
50.87104,43.75144,VERBOEKHOVEN
50.864062,43.73326,ST-SERVAASKERK
50.781484,42.89118,KAPELRUISBROEK
50.871918,43.84991,SCHAARBEEK.HAARD
50.846991,43.62448,PARK
50.774008,42.81333,BEKA
50.868602,43.74847,EENENS
50.841354,43.58146,KONING
50.779512,42.86327,VOETBALCLUB
50.81337,43.48516,VANDERKINDERE
50.840141,43.56386,KLEINEZAVEL
50.781303,42.88971,KAPELRUISBROEK
50.811302,43.58451,CAVELL
50.837012,43.53406,POELAERT
50.790337,42.99527,KERKRUISBROEK
50.849518,45.05344,HIPPODROOM
50.843979,43.60943,PALEIZEN
50.902953,44.27396,KASTEELBEAULIEU
50.83908,43.22086,ALBERTI
50.846613,43.62363,PARK
50.907328,44.32775,RAEDEMAEKERS
50.816119,43.77723,TERKAMEREN-STER
50.846685,43.62363,PARK
50.910192,44.3922,PARKSTRAAT
50.860979,43.70727,ROBIANO
50.835888,43.55039,LOUIZA
50.911397,44.3972,KONINGINFABIOLA
50.840349,43.40046,LEMONNIER
50.868611,43.74847,EENENS
50.923537,44.30963,VILVOORDESTATION
50.81497,43.6756,BASCULE
50.819959,43.59159,LEPOUTRE
50.912118,44.18122,BICOQUE
50.849821,43.52486,DEBROUCKERE
50.858048,43.6817,SINT-MARIA
50.9121,44.18563,BICOQUE
50.845628,43.62431,PARK
50.860089,43.71153,ROBIANO
50.924533,44.31944,VILVOORDESTATION
50.839364,43.98281,MERODE
50.860394,43.7138,ROBIANO
50.926173,44.26756,HELDENPLEIN
50.837822,44.07364,MONTGOMERY
50.860979,43.70727,ROBIANO
50.856491,44.50316,LENNEKEMARE
50.844316,44.25819,TOMBERG
50.813198,43.4856,VANDERKINDERE
50.811985,43.53655,CHURCHILL
50.844833,44.26369,TOMBERG
50.812915,43.4744,VANDERKINDERE
50.812075,43.5374,CHURCHILL
50.84753,44.35656,ROODEBEEK
50.825541,43.55141,JANSON
50.848279,43.23813,REMISEMOLENBEEKTRAM
50.833128,44.01864,THIEFFRY
50.825784,43.54601,JANSON
50.828814,43.17248,REMISEKLEINEILAND
50.818685,44.04406,DELTA
50.826009,43.54786,JANSON
50.865231,43.73923,REMISESCHAARBEEK
50.857125,43.33143,ZWARTEVIJVERS
50.826144,43.54828,JANSON
50.830699,43.33,REMISEKONINGSLAAN
50.838034,43.61263,NAAMSEPOORT
50.840537,43.66324,TROON
50.81637,42.62953,STELPLAATSERASMUS
50.838185,43.61699,NAAMSEPOORT
50.853536,43.66082,KRUIDTUIN
50.816285,44.05107,REMISEDELTA
50.835074,43.54268,LOUIZA
50.853104,43.66154,KRUIDTUIN
50.833309,43.49219,MUNTHOF
50.853365,43.65756,KRUIDTUIN
50.833713,43.43513,HALLEPOORT
50.845966,43.58089,CENTRAALSTATION
50.84544,43.68744,KUNST-WET
50.845858,43.57294,CENTRAALSTATION
50.845585,43.68867,KUNST-WET
50.849465,44.02304,DIAMANT
50.854102,43.65272,KRUIDTUIN
50.873267,43.77632,PRINS.ELISABETH
50.860515,43.39486,RIBAUCOURT
50.873141,43.76964,PRINS.ELISABETH
50.863138,43.30743,ELISABETH
50.873006,43.76723,PRINS.ELISABETH
50.816451,42.90203,COOVI
50.873051,43.76794,PRINS.ELISABETH
50.821263,42.94043,HETRAD
50.839301,43.99631,MERODE
50.824934,42.97078,BIZET
50.832945,44.01798,THIEFFRY
50.843785,43.18032,JACQUESBREL
50.841081,44.65325,STOKKEL
50.848584,43.20673,WESTSTATION
50.842932,44.25034,TOMBERG
50.848979,43.21096,WESTSTATION
50.89684,43.29706,KONINGBOUDEWIJN
50.848999,43.20948,WESTSTATION
50.899576,43.48519,ESPLANADE
50.853111,43.22763,BEEKKANT
50.879151,43.35063,KERKH.VANJETTE
50.863646,43.30849,SIMONIS
50.879035,43.38118,JETSEHAARD
50.868474,43.36964,BELGICA
50.840381,43.40599,LEMONNIER
50.879152,43.47993,BOCKSTAEL
50.847997,43.3778,ARTSETMETIERS
50.854136,43.69269,DWARSSTRAAT
50.849969,43.34679,DRIEHOEK
50.889855,43.28816,STIENON
50.850009,43.34997,DRIEHOEK
50.896804,43.37345,HEIZEL
50.840048,43.40684,LEMONNIER
50.855235,43.6898,DWARSSTRAAT
50.855455,43.35193,PAAL
50.876241,43.17873,EEUWFEESTSQUARE
50.854151,43.35549,PAAL
50.786641,43.52049,BEGR.VANUKKEL
50.82879,42.92616,VANBEETHOVEN
50.817458,44.83042,RAVENSTEIN
50.828664,42.9236,VANBEETHOVEN
50.822601,44.99049,BRUSSELSESTEENWEG
50.880228,43.30089,STATIONJETTE
50.898149,44.81761,BRUSSELSAIRPORT
50.830798,42.97538,YSAYE
50.919385,44.08232,ENNEPETAL
50.839137,43.29824,RAAD
50.789905,42.9845,KERKRUISBROEK
50.839137,43.29838,RAAD
50.774125,42.8139,BEKA
50.794465,43.6227,STATIONSINT-JOB
50.767019,42.74953,STATIONLOT
50.794411,43.61518,STATIONSINT-JOB
50.921767,44.28813,BLOKKEN
50.876904,44.00864,VREDE
50.907677,44.14105,DIEGEMSTRAAT
50.871648,43.84366,SCHAARBEEK.HAARD
50.907073,44.14178,DIEGEMSTRAAT
50.811608,43.57032,CAVELL
50.915595,44.21979,VIERFONTEINEN
50.812166,43.52981,CHURCHILL
50.925957,44.27069,HELDENPLEIN
50.813126,43.48504,VANDERKINDERE
50.854452,44.47756,HOFTERMUSSCHEN
50.811635,43.55088,CHURCHILL
50.838666,43.37293,ARGONNE
50.870052,43.81494,WAELHEM
50.796526,43.48173,DIEWEG
50.816611,42.81609,EDDYMERCKX
50.885107,44.1319,REMISEHARENTRAM
50.81636,42.82202,EDDYMERCKX
50.798578,43.14329,REMISEMARCONI
50.839787,43.12758,AUMALE
50.883723,44.12749,REMISEHAREN
50.870505,43.76234,VERBOEKHOVEN
50.848313,43.2195,REMISEMOLENBEEK
50.858974,43.69732,SINT-MARIA
50.870156,43.82109,WAELHEM
50.845476,43.69121,KUNST-WET
50.84379,43.77084,MAALBEEK
50.843654,43.77588,MAALBEEK
50.839534,43.97696,MERODE
50.837806,44.07955,MONTGOMERY
50.840366,44.13792,JOSEPH.-CHARLOTTE
50.840527,44.14051,JOSEPH.-CHARLOTTE
50.842594,44.18967,GRIBAUMONT
50.847552,44.36102,ROODEBEEK
50.847387,44.46705,VANDERVELDE
50.84988,44.53149,ALMA
50.848796,44.58719,KRAAINEM
50.83369,44.01677,THIEFFRY
50.827929,44.03859,PETILLON
50.818202,44.04056,DELTA
50.815128,44.09347,BEAULIEU
50.813545,44.21005,DEMEY
50.854705,43.40542,GRAAFVANVLAAND.
50.835176,43.54622,LOUIZA
50.833236,43.48603,MUNTHOF
50.833944,43.43071,HALLEPOORT
50.836258,43.3847,ZUIDSTATION
50.84082,43.31202,CLEMENCEAU
50.84069,43.31467,CLEMENCEAU
50.849728,43.69174,MADOU
50.84993,43.69164,MADOU
50.85556,43.58317,ROGIER
50.857225,43.51502,IJZER
50.862878,43.31367,ELISABETH
50.815223,42.66114,ERASMUS
50.815237,42.67327,ERASMUS
50.816767,42.80609,EDDYMERCKX
50.816504,42.81547,EDDYMERCKX
50.816162,42.89054,COOVI
50.82092,42.93693,HETRAD
50.829391,43.00578,VEEWEIDE
50.834649,43.05052,SINT-GUIDO
50.834929,43.05315,SINT-GUIDO
50.84399,43.18169,JACQUESBREL
50.853386,43.22974,BEEKKANT
50.853428,43.22773,BEEKKANT
50.85335,43.23113,BEEKKANT
50.857115,43.25218,OSSEGEM
50.868525,43.3685,BELGICA
50.873666,43.43031,PANNENHUIS
50.873614,43.43137,PANNENHUIS
50.879149,43.47845,BOCKSTAEL
50.885587,43.42629,STUYVENBERGH
50.88564,43.42738,STUYVENBERGH
50.897076,43.35408,HEIZEL
50.897102,43.3543,HEIZEL
50.89646,43.27959,KONINGBOUDEWIJN
50.861751,43.56097,WTC
50.789581,44.20431,HEILIGENBORRE
50.853235,45.01137,VIERHUISKENS
50.852788,43.871,DAILLY
50.880967,44.01719,SINT-VINCENTIUS
50.825801,45.07531,OPPEMSTRAAT
50.829596,45.13476,TERVURENSTATION
50.825702,45.0712,OPPEMSTRAAT
50.81753,44.82929,RAVENSTEIN
50.919529,44.06511,ENNEPETAL
50.91687,44.02257,TWEELEEUWENWEG
50.914183,43.9907,VTM
50.922736,44.13781,VLIERKENS
50.916906,44.02072,TWEELEEUWENWEG
50.79408,43.01838,DORENT
50.786863,42.96658,RUISBROEKCENTRUM
50.779679,42.86436,VOETBALCLUB
50.77068,42.78504,WATERBURY
50.765858,42.73708,LOTSTATION
50.784025,42.92617,SPORTCENTRUM
50.771319,42.79084,WATERBURY
50.786366,42.9607,RUISBROEKCENTRUM
50.784284,42.93069,SPORTCENTRUM
50.794407,43.02507,DORENT
50.912819,44.35513,KERKMACHELEN
50.908129,44.31667,RAEDEMAEKERS
50.902863,44.27623,KASTEELBEAULIEU
50.914276,44.35643,PELLENBERG
50.920249,44.26678,BLOKKEN
50.926373,44.23329,KERKVILVOORDE
50.926445,44.22916,KERKVILVOORDE
50.856356,44.50188,LENNEKEMARE
50.893058,44.22934,HAREN
50.826431,43.72295,FLAGEY
50.811688,43.54123,CHURCHILL
50.811841,43.54222,CHURCHILL
50.84476,44.17568,MEUDON
50.837483,44.06117,MONTGOMERY
50.816286,44.05107,REMISEDELTA
50.883722,44.12747,REMISEHAREN
50.819887,43.78374,REMISEELSENE
50.831547,44.34076,REMISEWOLUWE
50.848318,43.21951,REMISEMOLENBEEK
